iteration,alg_id,alg_name,jobs_done,jobs_total,elapsed,delta
0,1,B-all,10000,583247,4,4
0,1,B-all,20000,583247,9,4
0,1,B-all,30000,583247,14,4
0,1,B-all,40000,583247,19,4
0,1,B-all,50000,583247,24,4
0,1,B-all,60000,583247,28,4
0,1,B-all,70000,583247,33,4
0,1,B-all,80000,583247,38,4
0,1,B-all,90000,583247,43,4
0,1,B-all,100000,583247,47,4
0,1,B-all,110000,583247,52,4
0,1,B-all,120000,583247,57,5
0,1,B-all,130000,583247,62,4
0,1,B-all,140000,583247,68,5
0,1,B-all,150000,583247,72,4
0,1,B-all,160000,583247,77,4
0,1,B-all,170000,583247,82,4
0,1,B-all,180000,583247,87,4
0,1,B-all,190000,583247,91,4
0,1,B-all,200000,583247,96,4
0,1,B-all,210000,583247,101,4
0,1,B-all,220000,583247,106,4
0,1,B-all,230000,583247,111,4
0,1,B-all,240000,583247,116,4
0,1,B-all,250000,583247,120,4
0,1,B-all,260000,583247,125,4
0,1,B-all,270000,583247,132,7
0,1,B-all,280000,583247,137,4
0,1,B-all,290000,583247,142,4
0,1,B-all,300000,583247,147,4
0,1,B-all,310000,583247,152,4
0,1,B-all,320000,583247,156,4
0,1,B-all,330000,583247,160,4
0,1,B-all,340000,583247,164,4
0,1,B-all,350000,583247,169,4
0,1,B-all,360000,583247,173,4
0,1,B-all,370000,583247,177,3
0,1,B-all,380000,583247,181,4
0,1,B-all,390000,583247,185,4
0,1,B-all,400000,583247,189,4
0,1,B-all,410000,583247,193,4
0,1,B-all,420000,583247,197,4
0,1,B-all,430000,583247,202,4
0,1,B-all,440000,583247,206,4
0,1,B-all,450000,583247,210,4
0,1,B-all,460000,583247,214,4
0,1,B-all,470000,583247,218,4
0,1,B-all,480000,583247,222,4
0,1,B-all,490000,583247,226,4
0,1,B-all,500000,583247,231,4
0,1,B-all,510000,583247,235,4
0,1,B-all,520000,583247,239,4
0,1,B-all,530000,583247,243,4
0,1,B-all,540000,583247,247,4
0,1,B-all,550000,583247,252,4
0,1,B-all,560000,583247,256,4
0,1,B-all,570000,583247,260,3
0,1,B-all,580000,583247,264,4
1,1,B-all,6753,583247,2,2
1,1,B-all,16753,583247,6,3
1,1,B-all,26753,583247,10,4
1,1,B-all,36753,583247,14,3
1,1,B-all,46753,583247,18,4
1,1,B-all,56753,583247,22,4
1,1,B-all,66753,583247,26,4
1,1,B-all,76753,583247,30,3
1,1,B-all,86753,583247,34,3
1,1,B-all,96753,583247,38,4
1,1,B-all,106753,583247,42,3
1,1,B-all,116753,583247,46,3
1,1,B-all,126753,583247,50,3
1,1,B-all,136753,583247,54,3
1,1,B-all,146753,583247,58,3
1,1,B-all,156753,583247,62,4
1,1,B-all,166753,583247,66,4
1,1,B-all,176753,583247,70,3
1,1,B-all,186753,583247,74,3
1,1,B-all,196753,583247,78,4
1,1,B-all,206753,583247,82,4
1,1,B-all,216753,583247,86,3
1,1,B-all,226753,583247,90,3
1,1,B-all,236753,583247,94,3
1,1,B-all,246753,583247,98,3
1,1,B-all,256753,583247,102,3
1,1,B-all,266753,583247,106,3
1,1,B-all,276753,583247,110,3
1,1,B-all,286753,583247,113,3
1,1,B-all,296753,583247,117,3
1,1,B-all,306753,583247,121,3
1,1,B-all,316753,583247,125,3
1,1,B-all,326753,583247,129,3
1,1,B-all,336753,583247,133,3
1,1,B-all,346753,583247,137,3
1,1,B-all,356753,583247,141,4
1,1,B-all,366753,583247,145,4
1,1,B-all,376753,583247,149,4
1,1,B-all,386753,583247,153,4
1,1,B-all,396753,583247,158,4
1,1,B-all,406753,583247,162,4
1,1,B-all,416753,583247,166,4
1,1,B-all,426753,583247,170,4
1,1,B-all,436753,583247,174,4
1,1,B-all,446753,583247,178,4
1,1,B-all,456753,583247,182,3
1,1,B-all,466753,583247,193,11
1,1,B-all,476753,583247,197,3
1,1,B-all,486753,583247,201,3
1,1,B-all,496753,583247,204,3
1,1,B-all,506753,583247,208,3
1,1,B-all,516753,583247,212,3
1,1,B-all,526753,583247,215,3
1,1,B-all,536753,583247,219,3
1,1,B-all,546753,583247,223,3
1,1,B-all,556753,583247,227,4
1,1,B-all,566753,583247,231,3
1,1,B-all,576753,583247,234,3
2,1,B-all,3506,583247,1,1
2,1,B-all,13506,583247,5,3
2,1,B-all,23506,583247,9,3
2,1,B-all,33506,583247,12,3
2,1,B-all,43506,583247,16,3
2,1,B-all,53506,583247,20,3
2,1,B-all,63506,583247,24,3
2,1,B-all,73506,583247,27,3
2,1,B-all,83506,583247,31,3
2,1,B-all,93506,583247,35,3
2,1,B-all,103506,583247,39,3
2,1,B-all,113506,583247,42,3
2,1,B-all,123506,583247,46,3
2,1,B-all,133506,583247,50,3
2,1,B-all,143506,583247,53,3
2,1,B-all,153506,583247,57,3
2,1,B-all,163506,583247,61,3
2,1,B-all,173506,583247,65,3
2,1,B-all,183506,583247,69,3
2,1,B-all,193506,583247,72,3
2,1,B-all,203506,583247,76,3
2,1,B-all,213506,583247,80,3
2,1,B-all,223506,583247,84,3
2,1,B-all,233506,583247,87,3
2,1,B-all,243506,583247,91,3
2,1,B-all,253506,583247,95,3
2,1,B-all,263506,583247,99,3
2,1,B-all,273506,583247,103,4
2,1,B-all,283506,583247,107,4
2,1,B-all,293506,583247,111,4
2,1,B-all,303506,583247,116,4
2,1,B-all,313506,583247,120,4
2,1,B-all,323506,583247,124,3
2,1,B-all,333506,583247,127,3
2,1,B-all,343506,583247,131,3
2,1,B-all,353506,583247,135,3
2,1,B-all,363506,583247,138,3
2,1,B-all,373506,583247,142,3
2,1,B-all,383506,583247,146,3
2,1,B-all,393506,583247,149,3
2,1,B-all,403506,583247,153,3
2,1,B-all,413506,583247,157,3
2,1,B-all,423506,583247,160,3
2,1,B-all,433506,583247,164,3
2,1,B-all,443506,583247,168,3
2,1,B-all,453506,583247,171,3
2,1,B-all,463506,583247,175,3
2,1,B-all,473506,583247,179,3
2,1,B-all,483506,583247,182,3
2,1,B-all,493506,583247,186,3
2,1,B-all,503506,583247,190,3
2,1,B-all,513506,583247,194,3
2,1,B-all,523506,583247,197,3
2,1,B-all,533506,583247,201,3
2,1,B-all,543506,583247,205,3
2,1,B-all,553506,583247,209,3
2,1,B-all,563506,583247,213,3
2,1,B-all,573506,583247,216,3
3,1,B-all,259,583247,0,0
3,1,B-all,10259,583247,3,3
3,1,B-all,20259,583247,7,3
3,1,B-all,30259,583247,11,3
3,1,B-all,40259,583247,15,3
3,1,B-all,50259,583247,19,3
3,1,B-all,60259,583247,23,3
3,1,B-all,70259,583247,27,3
3,1,B-all,80259,583247,30,3
3,1,B-all,90259,583247,34,3
3,1,B-all,100259,583247,38,3
3,1,B-all,110259,583247,42,3
3,1,B-all,120259,583247,46,3
3,1,B-all,130259,583247,49,3
3,1,B-all,140259,583247,53,3
3,1,B-all,150259,583247,57,3
3,1,B-all,160259,583247,61,3
3,1,B-all,170259,583247,64,3
3,1,B-all,180259,583247,68,3
3,1,B-all,190259,583247,72,3
3,1,B-all,200259,583247,76,3
3,1,B-all,210259,583247,79,3
3,1,B-all,220259,583247,84,4
3,1,B-all,230259,583247,87,3
3,1,B-all,240259,583247,91,3
3,1,B-all,250259,583247,95,3
3,1,B-all,260259,583247,99,3
3,1,B-all,270259,583247,103,3
3,1,B-all,280259,583247,107,3
3,1,B-all,290259,583247,111,3
3,1,B-all,300259,583247,115,3
3,1,B-all,310259,583247,118,3
3,1,B-all,320259,583247,122,3
3,1,B-all,330259,583247,126,3
3,1,B-all,340259,583247,130,3
3,1,B-all,350259,583247,149,19
3,1,B-all,360259,583247,153,3
3,1,B-all,370259,583247,157,3
3,1,B-all,380259,583247,161,3
3,1,B-all,390259,583247,165,3
3,1,B-all,400259,583247,169,3
3,1,B-all,410259,583247,172,3
3,1,B-all,420259,583247,176,3
3,1,B-all,430259,583247,180,3
3,1,B-all,440259,583247,184,3
3,1,B-all,450259,583247,188,3
3,1,B-all,460259,583247,192,3
3,1,B-all,470259,583247,196,3
3,1,B-all,480259,583247,200,3
3,1,B-all,490259,583247,204,3
3,1,B-all,500259,583247,207,3
3,1,B-all,510259,583247,211,3
3,1,B-all,520259,583247,215,3
3,1,B-all,530259,583247,219,3
3,1,B-all,540259,583247,223,3
3,1,B-all,550259,583247,227,3
3,1,B-all,560259,583247,231,3
3,1,B-all,570259,583247,235,3
3,1,B-all,580259,583247,239,4
4,1,B-all,7012,583247,2,2
4,1,B-all,17012,583247,6,3
4,1,B-all,27012,583247,10,4
4,1,B-all,37012,583247,14,3
4,1,B-all,47012,583247,18,4
4,1,B-all,57012,583247,22,3
4,1,B-all,67012,583247,26,3
4,1,B-all,77012,583247,30,3
4,1,B-all,87012,583247,34,3
4,1,B-all,97012,583247,38,3
4,1,B-all,107012,583247,42,3
4,1,B-all,117012,583247,46,4
4,1,B-all,127012,583247,50,3
4,1,B-all,137012,583247,53,3
4,1,B-all,147012,583247,57,3
4,1,B-all,157012,583247,62,4
4,1,B-all,167012,583247,66,4
4,1,B-all,177012,583247,70,3
4,1,B-all,187012,583247,74,3
4,1,B-all,197012,583247,77,3
4,1,B-all,207012,583247,81,3
4,1,B-all,217012,583247,86,4
4,1,B-all,227012,583247,90,4
4,1,B-all,237012,583247,94,3
4,1,B-all,247012,583247,98,3
4,1,B-all,257012,583247,102,3
4,1,B-all,267012,583247,106,3
4,1,B-all,277012,583247,110,3
4,1,B-all,287012,583247,114,3
4,1,B-all,297012,583247,118,3
4,1,B-all,307012,583247,122,3
4,1,B-all,317012,583247,125,3
4,1,B-all,327012,583247,129,3
4,1,B-all,337012,583247,134,4
4,1,B-all,347012,583247,137,3
4,1,B-all,357012,583247,141,3
4,1,B-all,367012,583247,145,4
4,1,B-all,377012,583247,149,3
4,1,B-all,387012,583247,153,3
4,1,B-all,397012,583247,157,3
4,1,B-all,407012,583247,161,3
4,1,B-all,417012,583247,164,3
4,1,B-all,427012,583247,168,3
4,1,B-all,437012,583247,172,3
4,1,B-all,447012,583247,176,3
4,1,B-all,457012,583247,180,3
4,1,B-all,467012,583247,184,3
4,1,B-all,477012,583247,188,3
4,1,B-all,487012,583247,192,4
4,1,B-all,497012,583247,196,3
4,1,B-all,507012,583247,200,3
4,1,B-all,517012,583247,203,3
4,1,B-all,527012,583247,207,3
4,1,B-all,537012,583247,211,3
4,1,B-all,547012,583247,215,3
4,1,B-all,557012,583247,219,3
4,1,B-all,567012,583247,223,3
4,1,B-all,577012,583247,227,3
5,1,B-all,3765,583247,1,1
5,1,B-all,13765,583247,5,3
5,1,B-all,23765,583247,9,3
5,1,B-all,33765,583247,13,3
5,1,B-all,43765,583247,17,4
5,1,B-all,53765,583247,20,3
5,1,B-all,63765,583247,24,3
5,1,B-all,73765,583247,28,3
5,1,B-all,83765,583247,32,3
5,1,B-all,93765,583247,36,3
5,1,B-all,103765,583247,40,3
5,1,B-all,113765,583247,44,3
5,1,B-all,123765,583247,47,3
5,1,B-all,133765,583247,51,3
5,1,B-all,143765,583247,55,3
5,1,B-all,153765,583247,59,3
5,1,B-all,163765,583247,63,4
5,1,B-all,173765,583247,67,3
5,1,B-all,183765,583247,71,3
5,1,B-all,193765,583247,75,3
5,1,B-all,203765,583247,78,3
5,1,B-all,213765,583247,82,3
5,1,B-all,223765,583247,86,4
5,1,B-all,233765,583247,90,3
5,1,B-all,243765,583247,94,3
5,1,B-all,253765,583247,98,3
5,1,B-all,263765,583247,102,3
5,1,B-all,273765,583247,106,3
5,1,B-all,283765,583247,110,3
5,1,B-all,293765,583247,113,3
5,1,B-all,303765,583247,117,3
5,1,B-all,313765,583247,121,3
5,1,B-all,323765,583247,125,3
5,1,B-all,333765,583247,129,4
5,1,B-all,343765,583247,133,3
5,1,B-all,353765,583247,137,3
5,1,B-all,363765,583247,141,3
5,1,B-all,373765,583247,145,3
5,1,B-all,383765,583247,148,3
5,1,B-all,393765,583247,152,3
5,1,B-all,403765,583247,156,3
5,1,B-all,413765,583247,160,3
5,1,B-all,423765,583247,164,3
5,1,B-all,433765,583247,168,3
5,1,B-all,443765,583247,172,3
5,1,B-all,453765,583247,176,3
5,1,B-all,463765,583247,179,3
5,1,B-all,473765,583247,183,3
5,1,B-all,483765,583247,187,3
5,1,B-all,493765,583247,191,3
5,1,B-all,503765,583247,195,3
5,1,B-all,513765,583247,199,3
5,1,B-all,523765,583247,203,4
5,1,B-all,533765,583247,207,4
5,1,B-all,543765,583247,211,4
5,1,B-all,553765,583247,215,4
5,1,B-all,563765,583247,219,4
5,1,B-all,573765,583247,223,4
6,1,B-all,518,583247,0,0
6,1,B-all,10518,583247,4,3
6,1,B-all,20518,583247,8,4
6,1,B-all,30518,583247,12,3
6,1,B-all,40518,583247,16,3
6,1,B-all,50518,583247,20,4
6,1,B-all,60518,583247,24,3
6,1,B-all,70518,583247,28,3
6,1,B-all,80518,583247,31,3
6,1,B-all,90518,583247,35,3
6,1,B-all,100518,583247,39,3
6,1,B-all,110518,583247,43,3
6,1,B-all,120518,583247,47,4
6,1,B-all,130518,583247,51,3
6,1,B-all,140518,583247,56,4
6,1,B-all,150518,583247,60,4
6,1,B-all,160518,583247,64,3
6,1,B-all,170518,583247,68,4
6,1,B-all,180518,583247,72,3
6,1,B-all,190518,583247,76,3
6,1,B-all,200518,583247,80,3
6,1,B-all,210518,583247,84,4
6,1,B-all,220518,583247,88,4
6,1,B-all,230518,583247,92,3
6,1,B-all,240518,583247,96,4
6,1,B-all,250518,583247,100,4
6,1,B-all,260518,583247,104,4
6,1,B-all,270518,583247,108,4
6,1,B-all,280518,583247,112,4
6,1,B-all,290518,583247,116,4
6,1,B-all,300518,583247,120,3
6,1,B-all,310518,583247,124,4
6,1,B-all,320518,583247,129,4
6,1,B-all,330518,583247,133,4
6,1,B-all,340518,583247,137,4
6,1,B-all,350518,583247,141,3
6,1,B-all,360518,583247,145,4
6,1,B-all,370518,583247,149,3
6,1,B-all,380518,583247,153,4
6,1,B-all,390518,583247,157,4
6,1,B-all,400518,583247,161,4
6,1,B-all,410518,583247,165,3
6,1,B-all,420518,583247,169,4
6,1,B-all,430518,583247,173,4
6,1,B-all,440518,583247,177,4
6,1,B-all,450518,583247,181,4
6,1,B-all,460518,583247,186,4
6,1,B-all,470518,583247,189,3
6,1,B-all,480518,583247,193,4
6,1,B-all,490518,583247,198,4
6,1,B-all,500518,583247,202,3
6,1,B-all,510518,583247,206,4
6,1,B-all,520518,583247,210,4
6,1,B-all,530518,583247,214,4
6,1,B-all,540518,583247,218,3
6,1,B-all,550518,583247,222,3
6,1,B-all,560518,583247,226,4
6,1,B-all,570518,583247,230,4
6,1,B-all,580518,583247,234,4
7,1,B-all,7271,583247,2,2
7,1,B-all,17271,583247,6,3
7,1,B-all,27271,583247,10,4
7,1,B-all,37271,583247,14,3
7,1,B-all,47271,583247,18,4
7,1,B-all,57271,583247,22,3
7,1,B-all,67271,583247,26,4
7,1,B-all,77271,583247,30,3
7,1,B-all,87271,583247,34,3
7,1,B-all,97271,583247,38,3
7,1,B-all,107271,583247,42,3
7,1,B-all,117271,583247,77,35
7,1,B-all,127271,583247,81,4
7,1,B-all,137271,583247,86,4
7,1,B-all,147271,583247,90,4
7,1,B-all,157271,583247,94,4
7,1,B-all,167271,583247,98,4
7,1,B-all,177271,583247,102,3
7,1,B-all,187271,583247,106,3
7,1,B-all,197271,583247,110,3
7,1,B-all,207271,583247,114,3
7,1,B-all,217271,583247,118,4
7,1,B-all,227271,583247,122,4
7,1,B-all,237271,583247,126,4
7,1,B-all,247271,583247,130,3
7,1,B-all,257271,583247,135,4
7,1,B-all,267271,583247,139,4
7,1,B-all,277271,583247,143,4
7,1,B-all,287271,583247,147,4
7,1,B-all,297271,583247,151,4
7,1,B-all,307271,583247,155,3
7,1,B-all,317271,583247,159,3
7,1,B-all,327271,583247,163,4
7,1,B-all,337271,583247,167,4
7,1,B-all,347271,583247,171,3
7,1,B-all,357271,583247,175,4
7,1,B-all,367271,583247,179,4
7,1,B-all,377271,583247,183,3
7,1,B-all,387271,583247,187,4
7,1,B-all,397271,583247,191,4
7,1,B-all,407271,583247,195,3
7,1,B-all,417271,583247,199,3
7,1,B-all,427271,583247,203,4
7,1,B-all,437271,583247,207,3
7,1,B-all,447271,583247,211,4
7,1,B-all,457271,583247,215,4
7,1,B-all,467271,583247,219,4
7,1,B-all,477271,583247,223,3
7,1,B-all,487271,583247,227,4
7,1,B-all,497271,583247,231,3
7,1,B-all,507271,583247,235,4
7,1,B-all,517271,583247,239,4
7,1,B-all,527271,583247,243,4
7,1,B-all,537271,583247,247,4
7,1,B-all,547271,583247,252,4
7,1,B-all,557271,583247,256,4
7,1,B-all,567271,583247,260,4
7,1,B-all,577271,583247,264,4
8,1,B-all,4024,583247,1,1
8,1,B-all,14024,583247,5,3
8,1,B-all,24024,583247,9,4
8,1,B-all,34024,583247,13,3
8,1,B-all,44024,583247,17,4
8,1,B-all,54024,583247,21,3
8,1,B-all,64024,583247,25,4
8,1,B-all,74024,583247,30,4
8,1,B-all,84024,583247,34,4
8,1,B-all,94024,583247,38,4
8,1,B-all,104024,583247,42,3
8,1,B-all,114024,583247,46,4
8,1,B-all,124024,583247,50,4
8,1,B-all,134024,583247,54,4
8,1,B-all,144024,583247,58,3
8,1,B-all,154024,583247,62,4
8,1,B-all,164024,583247,66,4
8,1,B-all,174024,583247,70,3
8,1,B-all,184024,583247,74,4
8,1,B-all,194024,583247,78,3
8,1,B-all,204024,583247,82,4
8,1,B-all,214024,583247,87,4
8,1,B-all,224024,583247,91,4
8,1,B-all,234024,583247,95,3
8,1,B-all,244024,583247,99,4
8,1,B-all,254024,583247,103,4
8,1,B-all,264024,583247,107,4
8,1,B-all,274024,583247,111,4
8,1,B-all,284024,583247,115,4
8,1,B-all,294024,583247,120,4
8,1,B-all,304024,583247,124,3
8,1,B-all,314024,583247,127,3
8,1,B-all,324024,583247,132,4
8,1,B-all,334024,583247,136,4
8,1,B-all,344024,583247,140,3
8,1,B-all,354024,583247,144,3
8,1,B-all,364024,583247,148,4
8,1,B-all,374024,583247,152,3
8,1,B-all,384024,583247,155,3
8,1,B-all,394024,583247,159,3
8,1,B-all,404024,583247,163,3
8,1,B-all,414024,583247,167,3
8,1,B-all,424024,583247,171,3
8,1,B-all,434024,583247,175,3
8,1,B-all,444024,583247,179,3
8,1,B-all,454024,583247,183,3
8,1,B-all,464024,583247,187,3
8,1,B-all,474024,583247,191,3
8,1,B-all,484024,583247,195,3
8,1,B-all,494024,583247,199,3
8,1,B-all,504024,583247,203,3
8,1,B-all,514024,583247,207,4
8,1,B-all,524024,583247,211,4
8,1,B-all,534024,583247,215,3
8,1,B-all,544024,583247,219,4
8,1,B-all,554024,583247,223,4
8,1,B-all,564024,583247,227,4
8,1,B-all,574024,583247,231,4
9,1,B-all,777,583247,0,0
9,1,B-all,10777,583247,4,3
9,1,B-all,20777,583247,8,4
9,1,B-all,30777,583247,12,4
9,1,B-all,40777,583247,16,4
9,1,B-all,50777,583247,20,4
9,1,B-all,60777,583247,24,4
9,1,B-all,70777,583247,28,4
9,1,B-all,80777,583247,33,4
9,1,B-all,90777,583247,37,4
9,1,B-all,100777,583247,41,4
9,1,B-all,110777,583247,45,4
9,1,B-all,120777,583247,49,4
9,1,B-all,130777,583247,53,4
9,1,B-all,140777,583247,57,4
9,1,B-all,150777,583247,62,4
9,1,B-all,160777,583247,66,4
9,1,B-all,170777,583247,70,4
9,1,B-all,180777,583247,74,4
9,1,B-all,190777,583247,78,4
9,1,B-all,200777,583247,83,4
9,1,B-all,210777,583247,87,4
9,1,B-all,220777,583247,91,4
9,1,B-all,230777,583247,95,4
9,1,B-all,240777,583247,99,4
9,1,B-all,250777,583247,104,4
9,1,B-all,260777,583247,108,4
9,1,B-all,270777,583247,112,4
9,1,B-all,280777,583247,116,4
9,1,B-all,290777,583247,120,4
9,1,B-all,300777,583247,124,4
9,1,B-all,310777,583247,128,4
9,1,B-all,320777,583247,132,4
9,1,B-all,330777,583247,137,4
9,1,B-all,340777,583247,141,4
9,1,B-all,350777,583247,145,3
9,1,B-all,360777,583247,149,3
9,1,B-all,370777,583247,152,3
9,1,B-all,380777,583247,156,3
9,1,B-all,390777,583247,160,3
9,1,B-all,400777,583247,164,3
9,1,B-all,410777,583247,168,3
9,1,B-all,420777,583247,172,3
9,1,B-all,430777,583247,176,4
9,1,B-all,440777,583247,180,4
9,1,B-all,450777,583247,184,4
9,1,B-all,460777,583247,188,3
9,1,B-all,470777,583247,192,3
9,1,B-all,480777,583247,196,4
9,1,B-all,490777,583247,200,3
9,1,B-all,500777,583247,204,3
9,1,B-all,510777,583247,208,3
9,1,B-all,520777,583247,212,4
9,1,B-all,530777,583247,216,3
9,1,B-all,540777,583247,220,4
9,1,B-all,550777,583247,224,4
9,1,B-all,560777,583247,228,4
9,1,B-all,570777,583247,233,4
9,1,B-all,580777,583247,237,4
0,2,B-aggzeros,10000,583247,7,7
0,2,B-aggzeros,20000,583247,17,10
0,2,B-aggzeros,30000,583247,29,12
0,2,B-aggzeros,40000,583247,43,14
0,2,B-aggzeros,50000,583247,58,14
0,2,B-aggzeros,60000,583247,73,14
0,2,B-aggzeros,70000,583247,87,14
0,2,B-aggzeros,80000,583247,96,9
0,2,B-aggzeros,90000,583247,105,8
0,2,B-aggzeros,100000,583247,114,8
0,2,B-aggzeros,110000,583247,122,8
0,2,B-aggzeros,120000,583247,131,8
0,2,B-aggzeros,130000,583247,138,7
0,2,B-aggzeros,140000,583247,145,7
0,2,B-aggzeros,150000,583247,152,6
0,2,B-aggzeros,160000,583247,158,6
0,2,B-aggzeros,170000,583247,165,6
0,2,B-aggzeros,180000,583247,171,6
0,2,B-aggzeros,190000,583247,178,6
0,2,B-aggzeros,200000,583247,184,6
0,2,B-aggzeros,210000,583247,191,6
0,2,B-aggzeros,220000,583247,197,6
0,2,B-aggzeros,230000,583247,204,6
0,2,B-aggzeros,240000,583247,210,6
0,2,B-aggzeros,250000,583247,217,6
0,2,B-aggzeros,260000,583247,223,6
0,2,B-aggzeros,270000,583247,232,8
0,2,B-aggzeros,280000,583247,238,6
0,2,B-aggzeros,290000,583247,245,6
0,2,B-aggzeros,300000,583247,252,7
0,2,B-aggzeros,310000,583247,260,8
0,2,B-aggzeros,320000,583247,267,7
0,2,B-aggzeros,330000,583247,275,7
0,2,B-aggzeros,340000,583247,282,7
0,2,B-aggzeros,350000,583247,289,6
0,2,B-aggzeros,360000,583247,295,6
0,2,B-aggzeros,370000,583247,301,6
0,2,B-aggzeros,380000,583247,308,6
0,2,B-aggzeros,390000,583247,314,6
0,2,B-aggzeros,400000,583247,321,6
0,2,B-aggzeros,410000,583247,327,6
0,2,B-aggzeros,420000,583247,334,6
0,2,B-aggzeros,430000,583247,341,6
0,2,B-aggzeros,440000,583247,347,6
0,2,B-aggzeros,450000,583247,354,6
0,2,B-aggzeros,460000,583247,361,6
0,2,B-aggzeros,470000,583247,368,6
0,2,B-aggzeros,480000,583247,374,6
0,2,B-aggzeros,490000,583247,381,6
0,2,B-aggzeros,500000,583247,387,6
0,2,B-aggzeros,510000,583247,394,6
0,2,B-aggzeros,520000,583247,401,6
0,2,B-aggzeros,530000,583247,407,6
0,2,B-aggzeros,540000,583247,414,6
0,2,B-aggzeros,550000,583247,421,6
0,2,B-aggzeros,560000,583247,427,6
0,2,B-aggzeros,570000,583247,434,6
0,2,B-aggzeros,580000,583247,441,6
1,2,B-aggzeros,6753,583247,4,4
1,2,B-aggzeros,16753,583247,12,7
1,2,B-aggzeros,26753,583247,19,7
1,2,B-aggzeros,36753,583247,27,7
1,2,B-aggzeros,46753,583247,34,7
1,2,B-aggzeros,56753,583247,41,6
1,2,B-aggzeros,66753,583247,48,7
1,2,B-aggzeros,76753,583247,55,7
1,2,B-aggzeros,86753,583247,62,7
1,2,B-aggzeros,96753,583247,69,7
1,2,B-aggzeros,106753,583247,76,6
1,2,B-aggzeros,116753,583247,84,7
1,2,B-aggzeros,126753,583247,91,7
1,2,B-aggzeros,136753,583247,98,6
1,2,B-aggzeros,146753,583247,105,7
1,2,B-aggzeros,156753,583247,112,7
1,2,B-aggzeros,166753,583247,119,7
1,2,B-aggzeros,176753,583247,126,7
1,2,B-aggzeros,186753,583247,133,6
1,2,B-aggzeros,196753,583247,140,6
1,2,B-aggzeros,206753,583247,147,7
1,2,B-aggzeros,216753,583247,154,7
1,2,B-aggzeros,226753,583247,161,7
1,2,B-aggzeros,236753,583247,169,8
1,2,B-aggzeros,246753,583247,182,12
1,2,B-aggzeros,256753,583247,196,13
1,2,B-aggzeros,266753,583247,209,12
1,2,B-aggzeros,276753,583247,216,7
1,2,B-aggzeros,286753,583247,223,7
1,2,B-aggzeros,296753,583247,231,7
1,2,B-aggzeros,306753,583247,238,7
1,2,B-aggzeros,316753,583247,246,7
1,2,B-aggzeros,326753,583247,253,7
1,2,B-aggzeros,336753,583247,260,7
1,2,B-aggzeros,346753,583247,268,7
1,2,B-aggzeros,356753,583247,275,7
1,2,B-aggzeros,366753,583247,282,7
1,2,B-aggzeros,376753,583247,289,7
1,2,B-aggzeros,386753,583247,301,11
1,2,B-aggzeros,396753,583247,310,9
1,2,B-aggzeros,406753,583247,319,8
1,2,B-aggzeros,416753,583247,328,9
1,2,B-aggzeros,426753,583247,338,9
1,2,B-aggzeros,436753,583247,347,8
1,2,B-aggzeros,446753,583247,355,8
1,2,B-aggzeros,456753,583247,365,9
1,2,B-aggzeros,466753,583247,383,17
1,2,B-aggzeros,476753,583247,392,9
1,2,B-aggzeros,486753,583247,401,9
1,2,B-aggzeros,496753,583247,410,8
1,2,B-aggzeros,506753,583247,419,9
1,2,B-aggzeros,516753,583247,428,8
1,2,B-aggzeros,526753,583247,436,8
1,2,B-aggzeros,536753,583247,445,8
1,2,B-aggzeros,546753,583247,454,8
1,2,B-aggzeros,556753,583247,462,8
1,2,B-aggzeros,566753,583247,471,8
1,2,B-aggzeros,576753,583247,479,8
2,2,B-aggzeros,3506,583247,2,2
2,2,B-aggzeros,13506,583247,11,8
2,2,B-aggzeros,23506,583247,20,9
2,2,B-aggzeros,33506,583247,31,10
2,2,B-aggzeros,43506,583247,40,8
2,2,B-aggzeros,53506,583247,49,9
2,2,B-aggzeros,63506,583247,59,9
2,2,B-aggzeros,73506,583247,68,8
2,2,B-aggzeros,83506,583247,76,8
2,2,B-aggzeros,93506,583247,86,9
2,2,B-aggzeros,103506,583247,95,8
2,2,B-aggzeros,113506,583247,104,9
2,2,B-aggzeros,123506,583247,114,10
2,2,B-aggzeros,133506,583247,122,8
2,2,B-aggzeros,143506,583247,132,9
2,2,B-aggzeros,153506,583247,141,8
2,2,B-aggzeros,163506,583247,149,8
2,2,B-aggzeros,173506,583247,157,8
2,2,B-aggzeros,183506,583247,166,8
2,2,B-aggzeros,193506,583247,174,8
2,2,B-aggzeros,203506,583247,181,6
2,2,B-aggzeros,213506,583247,188,6
2,2,B-aggzeros,223506,583247,194,6
2,2,B-aggzeros,233506,583247,201,6
2,2,B-aggzeros,243506,583247,208,6
2,2,B-aggzeros,253506,583247,215,6
2,2,B-aggzeros,263506,583247,224,8
2,2,B-aggzeros,273506,583247,231,7
2,2,B-aggzeros,283506,583247,238,6
2,2,B-aggzeros,293506,583247,246,7
2,2,B-aggzeros,303506,583247,253,7
2,2,B-aggzeros,313506,583247,261,7
2,2,B-aggzeros,323506,583247,268,7
2,2,B-aggzeros,333506,583247,275,6
2,2,B-aggzeros,343506,583247,283,7
2,2,B-aggzeros,353506,583247,290,6
2,2,B-aggzeros,363506,583247,297,7
2,2,B-aggzeros,373506,583247,304,7
2,2,B-aggzeros,383506,583247,312,7
2,2,B-aggzeros,393506,583247,319,7
2,2,B-aggzeros,403506,583247,326,7
2,2,B-aggzeros,413506,583247,333,7
2,2,B-aggzeros,423506,583247,340,7
2,2,B-aggzeros,433506,583247,348,7
2,2,B-aggzeros,443506,583247,355,7
2,2,B-aggzeros,453506,583247,362,7
2,2,B-aggzeros,463506,583247,369,7
2,2,B-aggzeros,473506,583247,376,7
2,2,B-aggzeros,483506,583247,383,7
2,2,B-aggzeros,493506,583247,390,7
2,2,B-aggzeros,503506,583247,397,7
2,2,B-aggzeros,513506,583247,404,7
2,2,B-aggzeros,523506,583247,411,7
2,2,B-aggzeros,533506,583247,418,7
2,2,B-aggzeros,543506,583247,426,7
2,2,B-aggzeros,553506,583247,433,7
2,2,B-aggzeros,563506,583247,440,7
2,2,B-aggzeros,573506,583247,448,7
3,2,B-aggzeros,259,583247,0,0
3,2,B-aggzeros,10259,583247,7,7
3,2,B-aggzeros,20259,583247,15,7
3,2,B-aggzeros,30259,583247,22,7
3,2,B-aggzeros,40259,583247,29,7
3,2,B-aggzeros,50259,583247,36,7
3,2,B-aggzeros,60259,583247,43,7
3,2,B-aggzeros,70259,583247,51,7
3,2,B-aggzeros,80259,583247,58,7
3,2,B-aggzeros,90259,583247,66,7
3,2,B-aggzeros,100259,583247,73,7
3,2,B-aggzeros,110259,583247,80,7
3,2,B-aggzeros,120259,583247,87,7
3,2,B-aggzeros,130259,583247,94,6
3,2,B-aggzeros,140259,583247,101,7
3,2,B-aggzeros,150259,583247,108,6
3,2,B-aggzeros,160259,583247,115,7
3,2,B-aggzeros,170259,583247,122,7
3,2,B-aggzeros,180259,583247,129,6
3,2,B-aggzeros,190259,583247,136,6
3,2,B-aggzeros,200259,583247,143,6
3,2,B-aggzeros,210259,583247,150,6
3,2,B-aggzeros,220259,583247,157,7
3,2,B-aggzeros,230259,583247,165,7
3,2,B-aggzeros,240259,583247,172,7
3,2,B-aggzeros,250259,583247,180,7
3,2,B-aggzeros,260259,583247,187,7
3,2,B-aggzeros,270259,583247,195,7
3,2,B-aggzeros,280259,583247,202,7
3,2,B-aggzeros,290259,583247,210,7
3,2,B-aggzeros,300259,583247,217,7
3,2,B-aggzeros,310259,583247,224,7
3,2,B-aggzeros,320259,583247,231,7
3,2,B-aggzeros,330259,583247,239,7
3,2,B-aggzeros,340259,583247,246,7
3,2,B-aggzeros,350259,583247,270,23
3,2,B-aggzeros,360259,583247,277,7
3,2,B-aggzeros,370259,583247,284,7
3,2,B-aggzeros,380259,583247,291,7
3,2,B-aggzeros,390259,583247,298,6
3,2,B-aggzeros,400259,583247,306,7
3,2,B-aggzeros,410259,583247,313,7
3,2,B-aggzeros,420259,583247,320,7
3,2,B-aggzeros,430259,583247,327,7
3,2,B-aggzeros,440259,583247,335,7
3,2,B-aggzeros,450259,583247,342,7
3,2,B-aggzeros,460259,583247,349,7
3,2,B-aggzeros,470259,583247,356,6
3,2,B-aggzeros,480259,583247,363,6
3,2,B-aggzeros,490259,583247,370,7
3,2,B-aggzeros,500259,583247,377,6
3,2,B-aggzeros,510259,583247,385,7
3,2,B-aggzeros,520259,583247,392,7
3,2,B-aggzeros,530259,583247,399,7
3,2,B-aggzeros,540259,583247,406,7
3,2,B-aggzeros,550259,583247,414,7
3,2,B-aggzeros,560259,583247,421,7
3,2,B-aggzeros,570259,583247,428,7
3,2,B-aggzeros,580259,583247,436,7
4,2,B-aggzeros,7012,583247,5,5
4,2,B-aggzeros,17012,583247,12,7
4,2,B-aggzeros,27012,583247,19,7
4,2,B-aggzeros,37012,583247,26,7
4,2,B-aggzeros,47012,583247,34,7
4,2,B-aggzeros,57012,583247,41,7
4,2,B-aggzeros,67012,583247,48,7
4,2,B-aggzeros,77012,583247,56,7
4,2,B-aggzeros,87012,583247,63,7
4,2,B-aggzeros,97012,583247,74,11
4,2,B-aggzeros,107012,583247,88,14
4,2,B-aggzeros,117012,583247,102,13
4,2,B-aggzeros,127012,583247,116,13
4,2,B-aggzeros,137012,583247,133,16
4,2,B-aggzeros,147012,583247,141,8
4,2,B-aggzeros,157012,583247,150,8
4,2,B-aggzeros,167012,583247,158,8
4,2,B-aggzeros,177012,583247,166,8
4,2,B-aggzeros,187012,583247,175,8
4,2,B-aggzeros,197012,583247,183,8
4,2,B-aggzeros,207012,583247,191,8
4,2,B-aggzeros,217012,583247,200,8
4,2,B-aggzeros,227012,583247,208,8
4,2,B-aggzeros,237012,583247,216,8
4,2,B-aggzeros,247012,583247,225,8
4,2,B-aggzeros,257012,583247,233,8
4,2,B-aggzeros,267012,583247,242,8
4,2,B-aggzeros,277012,583247,250,8
4,2,B-aggzeros,287012,583247,259,8
4,2,B-aggzeros,297012,583247,267,8
4,2,B-aggzeros,307012,583247,276,8
4,2,B-aggzeros,317012,583247,284,8
4,2,B-aggzeros,327012,583247,293,8
4,2,B-aggzeros,337012,583247,301,8
4,2,B-aggzeros,347012,583247,310,8
4,2,B-aggzeros,357012,583247,318,8
4,2,B-aggzeros,367012,583247,325,7
4,2,B-aggzeros,377012,583247,332,7
4,2,B-aggzeros,387012,583247,339,7
4,2,B-aggzeros,397012,583247,346,6
4,2,B-aggzeros,407012,583247,353,7
4,2,B-aggzeros,417012,583247,360,7
4,2,B-aggzeros,427012,583247,367,7
4,2,B-aggzeros,437012,583247,374,6
4,2,B-aggzeros,447012,583247,381,7
4,2,B-aggzeros,457012,583247,388,7
4,2,B-aggzeros,467012,583247,395,6
4,2,B-aggzeros,477012,583247,402,7
4,2,B-aggzeros,487012,583247,410,7
4,2,B-aggzeros,497012,583247,417,7
4,2,B-aggzeros,507012,583247,424,7
4,2,B-aggzeros,517012,583247,431,7
4,2,B-aggzeros,527012,583247,438,7
4,2,B-aggzeros,537012,583247,446,7
4,2,B-aggzeros,547012,583247,453,7
4,2,B-aggzeros,557012,583247,460,7
4,2,B-aggzeros,567012,583247,467,7
4,2,B-aggzeros,577012,583247,475,7
5,2,B-aggzeros,3765,583247,2,2
5,2,B-aggzeros,13765,583247,9,7
5,2,B-aggzeros,23765,583247,16,7
5,2,B-aggzeros,33765,583247,23,6
5,2,B-aggzeros,43765,583247,31,7
5,2,B-aggzeros,53765,583247,38,7
5,2,B-aggzeros,63765,583247,45,7
5,2,B-aggzeros,73765,583247,52,6
5,2,B-aggzeros,83765,583247,59,7
5,2,B-aggzeros,93765,583247,66,7
5,2,B-aggzeros,103765,583247,73,7
5,2,B-aggzeros,113765,583247,80,7
5,2,B-aggzeros,123765,583247,87,7
5,2,B-aggzeros,133765,583247,94,7
5,2,B-aggzeros,143765,583247,101,7
5,2,B-aggzeros,153765,583247,109,7
5,2,B-aggzeros,163765,583247,116,7
5,2,B-aggzeros,173765,583247,123,6
5,2,B-aggzeros,183765,583247,130,7
5,2,B-aggzeros,193765,583247,137,6
5,2,B-aggzeros,203765,583247,144,7
5,2,B-aggzeros,213765,583247,151,7
5,2,B-aggzeros,223765,583247,158,7
5,2,B-aggzeros,233765,583247,165,6
5,2,B-aggzeros,243765,583247,172,7
5,2,B-aggzeros,253765,583247,179,7
5,2,B-aggzeros,263765,583247,186,7
5,2,B-aggzeros,273765,583247,194,7
5,2,B-aggzeros,283765,583247,201,7
5,2,B-aggzeros,293765,583247,208,7
5,2,B-aggzeros,303765,583247,215,6
5,2,B-aggzeros,313765,583247,222,7
5,2,B-aggzeros,323765,583247,229,6
5,2,B-aggzeros,333765,583247,236,7
5,2,B-aggzeros,343765,583247,243,7
5,2,B-aggzeros,353765,583247,251,7
5,2,B-aggzeros,363765,583247,258,7
5,2,B-aggzeros,373765,583247,265,6
5,2,B-aggzeros,383765,583247,272,7
5,2,B-aggzeros,393765,583247,279,7
5,2,B-aggzeros,403765,583247,286,7
5,2,B-aggzeros,413765,583247,293,6
5,2,B-aggzeros,423765,583247,300,7
5,2,B-aggzeros,433765,583247,307,6
5,2,B-aggzeros,443765,583247,314,7
5,2,B-aggzeros,453765,583247,322,7
5,2,B-aggzeros,463765,583247,328,6
5,2,B-aggzeros,473765,583247,335,6
5,2,B-aggzeros,483765,583247,342,7
5,2,B-aggzeros,493765,583247,350,7
5,2,B-aggzeros,503765,583247,357,7
5,2,B-aggzeros,513765,583247,364,7
5,2,B-aggzeros,523765,583247,371,7
5,2,B-aggzeros,533765,583247,379,7
5,2,B-aggzeros,543765,583247,386,7
5,2,B-aggzeros,553765,583247,393,6
5,2,B-aggzeros,563765,583247,400,6
5,2,B-aggzeros,573765,583247,407,7
6,2,B-aggzeros,518,583247,0,0
6,2,B-aggzeros,10518,583247,7,6
6,2,B-aggzeros,20518,583247,14,7
6,2,B-aggzeros,30518,583247,21,6
6,2,B-aggzeros,40518,583247,28,7
6,2,B-aggzeros,50518,583247,35,7
6,2,B-aggzeros,60518,583247,42,6
6,2,B-aggzeros,70518,583247,49,6
6,2,B-aggzeros,80518,583247,56,6
6,2,B-aggzeros,90518,583247,63,7
6,2,B-aggzeros,100518,583247,70,7
6,2,B-aggzeros,110518,583247,77,6
6,2,B-aggzeros,120518,583247,84,7
6,2,B-aggzeros,130518,583247,91,6
6,2,B-aggzeros,140518,583247,98,7
6,2,B-aggzeros,150518,583247,105,7
6,2,B-aggzeros,160518,583247,112,7
6,2,B-aggzeros,170518,583247,119,7
6,2,B-aggzeros,180518,583247,126,6
6,2,B-aggzeros,190518,583247,133,7
6,2,B-aggzeros,200518,583247,140,7
6,2,B-aggzeros,210518,583247,147,6
6,2,B-aggzeros,220518,583247,154,7
6,2,B-aggzeros,230518,583247,161,6
6,2,B-aggzeros,240518,583247,169,7
6,2,B-aggzeros,250518,583247,176,6
6,2,B-aggzeros,260518,583247,183,6
6,2,B-aggzeros,270518,583247,190,7
6,2,B-aggzeros,280518,583247,197,7
6,2,B-aggzeros,290518,583247,204,6
6,2,B-aggzeros,300518,583247,211,7
6,2,B-aggzeros,310518,583247,218,7
6,2,B-aggzeros,320518,583247,225,6
6,2,B-aggzeros,330518,583247,232,7
6,2,B-aggzeros,340518,583247,239,7
6,2,B-aggzeros,350518,583247,246,7
6,2,B-aggzeros,360518,583247,253,7
6,2,B-aggzeros,370518,583247,260,6
6,2,B-aggzeros,380518,583247,267,6
6,2,B-aggzeros,390518,583247,274,7
6,2,B-aggzeros,400518,583247,281,7
6,2,B-aggzeros,410518,583247,289,7
6,2,B-aggzeros,420518,583247,296,7
6,2,B-aggzeros,430518,583247,303,7
6,2,B-aggzeros,440518,583247,310,7
6,2,B-aggzeros,450518,583247,318,7
6,2,B-aggzeros,460518,583247,325,7
6,2,B-aggzeros,470518,583247,332,7
6,2,B-aggzeros,480518,583247,340,7
6,2,B-aggzeros,490518,583247,347,7
6,2,B-aggzeros,500518,583247,353,6
6,2,B-aggzeros,510518,583247,360,6
6,2,B-aggzeros,520518,583247,368,7
6,2,B-aggzeros,530518,583247,375,7
6,2,B-aggzeros,540518,583247,382,7
6,2,B-aggzeros,550518,583247,389,6
6,2,B-aggzeros,560518,583247,396,7
6,2,B-aggzeros,570518,583247,404,7
6,2,B-aggzeros,580518,583247,411,7
7,2,B-aggzeros,7271,583247,4,4
7,2,B-aggzeros,17271,583247,11,7
7,2,B-aggzeros,27271,583247,19,7
7,2,B-aggzeros,37271,583247,26,7
7,2,B-aggzeros,47271,583247,33,7
7,2,B-aggzeros,57271,583247,40,6
7,2,B-aggzeros,67271,583247,47,7
7,2,B-aggzeros,77271,583247,54,6
7,2,B-aggzeros,87271,583247,61,7
7,2,B-aggzeros,97271,583247,68,7
7,2,B-aggzeros,107271,583247,75,6
7,2,B-aggzeros,117271,583247,112,37
7,2,B-aggzeros,127271,583247,119,7
7,2,B-aggzeros,137271,583247,126,6
7,2,B-aggzeros,147271,583247,135,8
7,2,B-aggzeros,157271,583247,142,7
7,2,B-aggzeros,167271,583247,149,6
7,2,B-aggzeros,177271,583247,156,7
7,2,B-aggzeros,187271,583247,163,7
7,2,B-aggzeros,197271,583247,170,7
7,2,B-aggzeros,207271,583247,177,7
7,2,B-aggzeros,217271,583247,185,7
7,2,B-aggzeros,227271,583247,192,7
7,2,B-aggzeros,237271,583247,199,7
7,2,B-aggzeros,247271,583247,207,7
7,2,B-aggzeros,257271,583247,214,7
7,2,B-aggzeros,267271,583247,221,7
7,2,B-aggzeros,277271,583247,228,7
7,2,B-aggzeros,287271,583247,236,7
7,2,B-aggzeros,297271,583247,243,7
7,2,B-aggzeros,307271,583247,250,7
7,2,B-aggzeros,317271,583247,257,7
7,2,B-aggzeros,327271,583247,264,6
7,2,B-aggzeros,337271,583247,272,7
7,2,B-aggzeros,347271,583247,279,7
7,2,B-aggzeros,357271,583247,286,7
7,2,B-aggzeros,367271,583247,293,6
7,2,B-aggzeros,377271,583247,302,8
7,2,B-aggzeros,387271,583247,314,12
7,2,B-aggzeros,397271,583247,327,12
7,2,B-aggzeros,407271,583247,339,12
7,2,B-aggzeros,417271,583247,349,9
7,2,B-aggzeros,427271,583247,357,7
7,2,B-aggzeros,437271,583247,364,7
7,2,B-aggzeros,447271,583247,371,7
7,2,B-aggzeros,457271,583247,378,6
7,2,B-aggzeros,467271,583247,385,6
7,2,B-aggzeros,477271,583247,391,6
7,2,B-aggzeros,487271,583247,398,6
7,2,B-aggzeros,497271,583247,405,6
7,2,B-aggzeros,507271,583247,412,6
7,2,B-aggzeros,517271,583247,419,6
7,2,B-aggzeros,527271,583247,426,6
7,2,B-aggzeros,537271,583247,433,7
7,2,B-aggzeros,547271,583247,440,6
7,2,B-aggzeros,557271,583247,447,6
7,2,B-aggzeros,567271,583247,454,7
7,2,B-aggzeros,577271,583247,461,6
8,2,B-aggzeros,4024,583247,2,2
8,2,B-aggzeros,14024,583247,9,6
8,2,B-aggzeros,24024,583247,16,7
8,2,B-aggzeros,34024,583247,23,7
8,2,B-aggzeros,44024,583247,30,7
8,2,B-aggzeros,54024,583247,37,6
8,2,B-aggzeros,64024,583247,45,7
8,2,B-aggzeros,74024,583247,52,7
8,2,B-aggzeros,84024,583247,58,6
8,2,B-aggzeros,94024,583247,65,6
8,2,B-aggzeros,104024,583247,72,6
8,2,B-aggzeros,114024,583247,79,6
8,2,B-aggzeros,124024,583247,86,7
8,2,B-aggzeros,134024,583247,93,6
8,2,B-aggzeros,144024,583247,100,7
8,2,B-aggzeros,154024,583247,108,7
8,2,B-aggzeros,164024,583247,115,7
8,2,B-aggzeros,174024,583247,122,7
8,2,B-aggzeros,184024,583247,129,7
8,2,B-aggzeros,194024,583247,136,6
8,2,B-aggzeros,204024,583247,143,6
8,2,B-aggzeros,214024,583247,150,6
8,2,B-aggzeros,224024,583247,157,6
8,2,B-aggzeros,234024,583247,164,6
8,2,B-aggzeros,244024,583247,170,6
8,2,B-aggzeros,254024,583247,177,6
8,2,B-aggzeros,264024,583247,184,6
8,2,B-aggzeros,274024,583247,191,6
8,2,B-aggzeros,284024,583247,198,7
8,2,B-aggzeros,294024,583247,205,6
8,2,B-aggzeros,304024,583247,212,6
8,2,B-aggzeros,314024,583247,219,6
8,2,B-aggzeros,324024,583247,225,6
8,2,B-aggzeros,334024,583247,232,7
8,2,B-aggzeros,344024,583247,239,6
8,2,B-aggzeros,354024,583247,246,6
8,2,B-aggzeros,364024,583247,253,6
8,2,B-aggzeros,374024,583247,260,6
8,2,B-aggzeros,384024,583247,267,6
8,2,B-aggzeros,394024,583247,274,6
8,2,B-aggzeros,404024,583247,281,6
8,2,B-aggzeros,414024,583247,287,6
8,2,B-aggzeros,424024,583247,294,6
8,2,B-aggzeros,434024,583247,301,6
8,2,B-aggzeros,444024,583247,308,6
8,2,B-aggzeros,454024,583247,315,6
8,2,B-aggzeros,464024,583247,321,6
8,2,B-aggzeros,474024,583247,328,6
8,2,B-aggzeros,484024,583247,335,7
8,2,B-aggzeros,494024,583247,342,6
8,2,B-aggzeros,504024,583247,349,6
8,2,B-aggzeros,514024,583247,356,6
8,2,B-aggzeros,524024,583247,363,6
8,2,B-aggzeros,534024,583247,370,6
8,2,B-aggzeros,544024,583247,377,7
8,2,B-aggzeros,554024,583247,384,6
8,2,B-aggzeros,564024,583247,391,6
8,2,B-aggzeros,574024,583247,398,6
9,2,B-aggzeros,777,583247,0,0
9,2,B-aggzeros,10777,583247,7,6
9,2,B-aggzeros,20777,583247,14,7
9,2,B-aggzeros,30777,583247,21,6
9,2,B-aggzeros,40777,583247,28,6
9,2,B-aggzeros,50777,583247,35,7
9,2,B-aggzeros,60777,583247,42,7
9,2,B-aggzeros,70777,583247,49,7
9,2,B-aggzeros,80777,583247,56,7
9,2,B-aggzeros,90777,583247,64,7
9,2,B-aggzeros,100777,583247,71,7
9,2,B-aggzeros,110777,583247,78,7
9,2,B-aggzeros,120777,583247,86,7
9,2,B-aggzeros,130777,583247,93,7
9,2,B-aggzeros,140777,583247,100,7
9,2,B-aggzeros,150777,583247,107,7
9,2,B-aggzeros,160777,583247,115,7
9,2,B-aggzeros,170777,583247,122,7
9,2,B-aggzeros,180777,583247,129,7
9,2,B-aggzeros,190777,583247,136,7
9,2,B-aggzeros,200777,583247,143,7
9,2,B-aggzeros,210777,583247,151,7
9,2,B-aggzeros,220777,583247,158,7
9,2,B-aggzeros,230777,583247,165,7
9,2,B-aggzeros,240777,583247,173,7
9,2,B-aggzeros,250777,583247,180,7
9,2,B-aggzeros,260777,583247,187,7
9,2,B-aggzeros,270777,583247,194,7
9,2,B-aggzeros,280777,583247,202,7
9,2,B-aggzeros,290777,583247,209,7
9,2,B-aggzeros,300777,583247,216,7
9,2,B-aggzeros,310777,583247,224,7
9,2,B-aggzeros,320777,583247,231,7
9,2,B-aggzeros,330777,583247,238,7
9,2,B-aggzeros,340777,583247,245,7
9,2,B-aggzeros,350777,583247,253,7
9,2,B-aggzeros,360777,583247,260,7
9,2,B-aggzeros,370777,583247,267,7
9,2,B-aggzeros,380777,583247,275,7
9,2,B-aggzeros,390777,583247,282,7
9,2,B-aggzeros,400777,583247,289,7
9,2,B-aggzeros,410777,583247,296,7
9,2,B-aggzeros,420777,583247,304,7
9,2,B-aggzeros,430777,583247,311,7
9,2,B-aggzeros,440777,583247,318,7
9,2,B-aggzeros,450777,583247,331,13
9,2,B-aggzeros,460777,583247,339,8
9,2,B-aggzeros,470777,583247,348,8
9,2,B-aggzeros,480777,583247,357,8
9,2,B-aggzeros,490777,583247,365,8
9,2,B-aggzeros,500777,583247,374,8
9,2,B-aggzeros,510777,583247,382,8
9,2,B-aggzeros,520777,583247,391,8
9,2,B-aggzeros,530777,583247,399,8
9,2,B-aggzeros,540777,583247,408,8
9,2,B-aggzeros,550777,583247,417,8
9,2,B-aggzeros,560777,583247,425,8
9,2,B-aggzeros,570777,583247,434,8
9,2,B-aggzeros,580777,583247,442,8
0,5,Q-native,10000,395075,34,34
0,5,Q-native,20000,395075,66,32
0,5,Q-native,30000,395075,97,30
0,5,Q-native,40000,395075,124,27
0,5,Q-native,50000,395075,151,26
0,5,Q-native,60000,395075,178,27
0,5,Q-native,70000,395075,205,27
0,5,Q-native,80000,395075,232,26
0,5,Q-native,90000,395075,259,26
0,5,Q-native,100000,395075,286,26
0,5,Q-native,110000,395075,313,26
0,5,Q-native,120000,395075,341,27
0,5,Q-native,130000,395075,368,27
0,5,Q-native,140000,395075,397,28
0,5,Q-native,150000,395075,423,26
0,5,Q-native,160000,395075,450,26
0,5,Q-native,170000,395075,477,26
0,5,Q-native,180000,395075,503,26
0,5,Q-native,190000,395075,530,26
0,5,Q-native,200000,395075,557,26
0,5,Q-native,210000,395075,584,26
0,5,Q-native,220000,395075,610,26
0,5,Q-native,230000,395075,638,27
0,5,Q-native,240000,395075,666,27
0,5,Q-native,250000,395075,692,26
0,5,Q-native,260000,395075,718,26
0,5,Q-native,270000,395075,745,26
0,5,Q-native,280000,395075,772,27
0,5,Q-native,290000,395075,800,27
0,5,Q-native,300000,395075,828,27
0,5,Q-native,310000,395075,855,27
0,5,Q-native,320000,395075,882,27
0,5,Q-native,330000,395075,910,27
0,5,Q-native,340000,395075,936,26
0,5,Q-native,350000,395075,963,26
0,5,Q-native,360000,395075,990,27
0,5,Q-native,370000,395075,1018,27
0,5,Q-native,380000,395075,1045,27
0,5,Q-native,390000,395075,1073,27
1,5,Q-native,4925,395075,13,13
1,5,Q-native,14925,395075,40,26
1,5,Q-native,24925,395075,67,27
1,5,Q-native,34925,395075,94,26
1,5,Q-native,44925,395075,121,26
1,5,Q-native,54925,395075,147,26
1,5,Q-native,64925,395075,174,26
1,5,Q-native,74925,395075,201,26
1,5,Q-native,84925,395075,228,27
1,5,Q-native,94925,395075,255,27
1,5,Q-native,104925,395075,282,26
1,5,Q-native,114925,395075,309,26
1,5,Q-native,124925,395075,335,26
1,5,Q-native,134925,395075,366,30
1,5,Q-native,144925,395075,393,26
1,5,Q-native,154925,395075,419,26
1,5,Q-native,164925,395075,446,27
1,5,Q-native,174925,395075,473,26
1,5,Q-native,184925,395075,500,26
1,5,Q-native,194925,395075,526,26
1,5,Q-native,204925,395075,552,26
1,5,Q-native,214925,395075,579,26
1,5,Q-native,224925,395075,606,26
1,5,Q-native,234925,395075,633,27
1,5,Q-native,244925,395075,660,27
1,5,Q-native,254925,395075,687,27
1,5,Q-native,264925,395075,714,27
1,5,Q-native,274925,395075,741,27
1,5,Q-native,284925,395075,768,26
1,5,Q-native,294925,395075,794,26
1,5,Q-native,304925,395075,821,26
1,5,Q-native,314925,395075,848,26
1,5,Q-native,324925,395075,874,26
1,5,Q-native,334925,395075,901,26
1,5,Q-native,344925,395075,928,26
1,5,Q-native,354925,395075,955,26
1,5,Q-native,364925,395075,982,27
1,5,Q-native,374925,395075,1010,27
1,5,Q-native,384925,395075,1037,27
1,5,Q-native,394925,395075,1065,27
2,5,Q-native,9850,395075,26,26
2,5,Q-native,19850,395075,52,26
2,5,Q-native,29850,395075,79,26
2,5,Q-native,39850,395075,107,27
2,5,Q-native,49850,395075,133,26
2,5,Q-native,59850,395075,159,26
2,5,Q-native,69850,395075,185,25
2,5,Q-native,79850,395075,211,26
2,5,Q-native,89850,395075,238,26
2,5,Q-native,99850,395075,265,26
2,5,Q-native,109850,395075,291,26
2,5,Q-native,119850,395075,318,26
2,5,Q-native,129850,395075,345,26
2,5,Q-native,139850,395075,371,26
2,5,Q-native,149850,395075,397,25
2,5,Q-native,159850,395075,424,26
2,5,Q-native,169850,395075,450,25
2,5,Q-native,179850,395075,475,25
2,5,Q-native,189850,395075,502,26
2,5,Q-native,199850,395075,528,25
2,5,Q-native,209850,395075,554,26
2,5,Q-native,219850,395075,580,25
2,5,Q-native,229850,395075,606,26
2,5,Q-native,239850,395075,633,26
2,5,Q-native,249850,395075,660,26
2,5,Q-native,259850,395075,695,35
2,5,Q-native,269850,395075,723,27
2,5,Q-native,279850,395075,750,27
2,5,Q-native,289850,395075,778,27
2,5,Q-native,299850,395075,805,27
2,5,Q-native,309850,395075,833,27
2,5,Q-native,319850,395075,860,27
2,5,Q-native,329850,395075,888,27
2,5,Q-native,339850,395075,915,27
2,5,Q-native,349850,395075,942,26
2,5,Q-native,359850,395075,968,26
2,5,Q-native,369850,395075,994,26
2,5,Q-native,379850,395075,1021,26
2,5,Q-native,389850,395075,1048,27
3,5,Q-native,4775,395075,12,12
3,5,Q-native,14775,395075,40,27
3,5,Q-native,24775,395075,68,27
3,5,Q-native,34775,395075,95,27
3,5,Q-native,44775,395075,123,27
3,5,Q-native,54775,395075,150,27
3,5,Q-native,64775,395075,178,27
3,5,Q-native,74775,395075,205,27
3,5,Q-native,84775,395075,232,27
3,5,Q-native,94775,395075,260,27
3,5,Q-native,104775,395075,287,26
3,5,Q-native,114775,395075,313,26
3,5,Q-native,124775,395075,340,26
3,5,Q-native,134775,395075,367,27
3,5,Q-native,144775,395075,394,27
3,5,Q-native,154775,395075,421,27
3,5,Q-native,164775,395075,449,27
3,5,Q-native,174775,395075,476,27
3,5,Q-native,184775,395075,503,26
3,5,Q-native,194775,395075,529,26
3,5,Q-native,204775,395075,555,26
3,5,Q-native,214775,395075,583,27
3,5,Q-native,224775,395075,609,26
3,5,Q-native,234775,395075,637,27
3,5,Q-native,244775,395075,664,27
3,5,Q-native,254775,395075,691,26
3,5,Q-native,264775,395075,718,26
3,5,Q-native,274775,395075,745,27
3,5,Q-native,284775,395075,771,26
3,5,Q-native,294775,395075,799,27
3,5,Q-native,304775,395075,826,26
3,5,Q-native,314775,395075,852,26
3,5,Q-native,324775,395075,879,26
3,5,Q-native,334775,395075,905,26
3,5,Q-native,344775,395075,932,26
3,5,Q-native,354775,395075,958,26
3,5,Q-native,364775,395075,986,27
3,5,Q-native,374775,395075,1016,30
3,5,Q-native,384775,395075,1044,28
3,5,Q-native,394775,395075,1071,26
4,5,Q-native,9700,395075,26,26
4,5,Q-native,19700,395075,53,27
4,5,Q-native,29700,395075,80,27
4,5,Q-native,39700,395075,108,27
4,5,Q-native,49700,395075,135,27
4,5,Q-native,59700,395075,163,27
4,5,Q-native,69700,395075,189,26
4,5,Q-native,79700,395075,215,26
4,5,Q-native,89700,395075,241,26
4,5,Q-native,99700,395075,268,26
4,5,Q-native,109700,395075,292,24
4,5,Q-native,119700,395075,317,24
4,5,Q-native,129700,395075,343,25
4,5,Q-native,139700,395075,367,24
4,5,Q-native,149700,395075,392,24
4,5,Q-native,159700,395075,416,24
4,5,Q-native,169700,395075,440,24
4,5,Q-native,179700,395075,464,23
4,5,Q-native,189700,395075,489,24
4,5,Q-native,199700,395075,513,24
4,5,Q-native,209700,395075,538,25
4,5,Q-native,219700,395075,563,25
4,5,Q-native,229700,395075,588,24
4,5,Q-native,239700,395075,612,24
4,5,Q-native,249700,395075,637,24
4,5,Q-native,259700,395075,661,24
4,5,Q-native,269700,395075,685,24
4,5,Q-native,279700,395075,709,24
4,5,Q-native,289700,395075,734,24
4,5,Q-native,299700,395075,760,25
4,5,Q-native,309700,395075,785,25
4,5,Q-native,319700,395075,811,25
4,5,Q-native,329700,395075,837,25
4,5,Q-native,339700,395075,862,25
4,5,Q-native,349700,395075,888,25
4,5,Q-native,359700,395075,913,25
4,5,Q-native,369700,395075,937,24
4,5,Q-native,379700,395075,963,25
4,5,Q-native,389700,395075,989,25
5,5,Q-native,4625,395075,11,11
5,5,Q-native,14625,395075,38,26
5,5,Q-native,24625,395075,66,27
5,5,Q-native,34625,395075,93,27
5,5,Q-native,44625,395075,120,27
5,5,Q-native,54625,395075,147,27
5,5,Q-native,64625,395075,174,26
5,5,Q-native,74625,395075,201,27
5,5,Q-native,84625,395075,228,27
5,5,Q-native,94625,395075,256,27
5,5,Q-native,104625,395075,283,27
5,5,Q-native,114625,395075,310,27
5,5,Q-native,124625,395075,355,44
5,5,Q-native,134625,395075,383,28
5,5,Q-native,144625,395075,410,27
5,5,Q-native,154625,395075,438,27
5,5,Q-native,164625,395075,465,26
5,5,Q-native,174625,395075,492,27
5,5,Q-native,184625,395075,519,27
5,5,Q-native,194625,395075,547,27
5,5,Q-native,204625,395075,574,27
5,5,Q-native,214625,395075,602,27
5,5,Q-native,224625,395075,629,27
5,5,Q-native,234625,395075,658,28
5,5,Q-native,244625,395075,686,27
5,5,Q-native,254625,395075,713,27
5,5,Q-native,264625,395075,741,27
5,5,Q-native,274625,395075,768,27
5,5,Q-native,284625,395075,795,27
5,5,Q-native,294625,395075,823,27
5,5,Q-native,304625,395075,851,27
5,5,Q-native,314625,395075,878,27
5,5,Q-native,324625,395075,905,27
5,5,Q-native,334625,395075,933,27
5,5,Q-native,344625,395075,959,26
5,5,Q-native,354625,395075,986,26
5,5,Q-native,364625,395075,1013,27
5,5,Q-native,374625,395075,1040,27
5,5,Q-native,384625,395075,1067,26
5,5,Q-native,394625,395075,1094,27
6,5,Q-native,9550,395075,25,25
6,5,Q-native,19550,395075,53,27
6,5,Q-native,29550,395075,80,27
6,5,Q-native,39550,395075,107,27
6,5,Q-native,49550,395075,134,26
6,5,Q-native,59550,395075,161,26
6,5,Q-native,69550,395075,187,26
6,5,Q-native,79550,395075,214,26
6,5,Q-native,89550,395075,241,27
6,5,Q-native,99550,395075,269,27
6,5,Q-native,109550,395075,296,26
6,5,Q-native,119550,395075,323,26
6,5,Q-native,129550,395075,350,27
6,5,Q-native,139550,395075,378,27
6,5,Q-native,149550,395075,405,27
6,5,Q-native,159550,395075,433,27
6,5,Q-native,169550,395075,463,29
6,5,Q-native,179550,395075,490,27
6,5,Q-native,189550,395075,518,27
6,5,Q-native,199550,395075,546,27
6,5,Q-native,209550,395075,574,27
6,5,Q-native,219550,395075,601,27
6,5,Q-native,229550,395075,630,28
6,5,Q-native,239550,395075,658,28
6,5,Q-native,249550,395075,686,27
6,5,Q-native,259550,395075,714,27
6,5,Q-native,269550,395075,742,27
6,5,Q-native,279550,395075,770,27
6,5,Q-native,289550,395075,798,27
6,5,Q-native,299550,395075,826,28
6,5,Q-native,309550,395075,854,27
6,5,Q-native,319550,395075,881,27
6,5,Q-native,329550,395075,909,27
6,5,Q-native,339550,395075,937,28
6,5,Q-native,349550,395075,965,27
6,5,Q-native,359550,395075,993,28
6,5,Q-native,369550,395075,1021,28
6,5,Q-native,379550,395075,1049,28
6,5,Q-native,389550,395075,1078,28
7,5,Q-native,4475,395075,12,12
7,5,Q-native,14475,395075,39,27
7,5,Q-native,24475,395075,67,27
7,5,Q-native,34475,395075,95,27
7,5,Q-native,44475,395075,123,27
7,5,Q-native,54475,395075,151,27
7,5,Q-native,64475,395075,178,27
7,5,Q-native,74475,395075,206,27
7,5,Q-native,84475,395075,234,27
7,5,Q-native,94475,395075,261,27
7,5,Q-native,104475,395075,289,27
7,5,Q-native,114475,395075,316,27
7,5,Q-native,124475,395075,344,27
7,5,Q-native,134475,395075,372,28
7,5,Q-native,144475,395075,399,27
7,5,Q-native,154475,395075,426,27
7,5,Q-native,164475,395075,454,27
7,5,Q-native,174475,395075,481,27
7,5,Q-native,184475,395075,509,27
7,5,Q-native,194475,395075,536,27
7,5,Q-native,204475,395075,564,27
7,5,Q-native,214475,395075,591,27
7,5,Q-native,224475,395075,618,26
7,5,Q-native,234475,395075,646,28
7,5,Q-native,244475,395075,673,27
7,5,Q-native,254475,395075,701,27
7,5,Q-native,264475,395075,728,27
7,5,Q-native,274475,395075,756,27
7,5,Q-native,284475,395075,783,27
7,5,Q-native,294475,395075,811,27
7,5,Q-native,304475,395075,839,28
7,5,Q-native,314475,395075,866,27
7,5,Q-native,324475,395075,894,27
7,5,Q-native,334475,395075,922,28
7,5,Q-native,344475,395075,949,27
7,5,Q-native,354475,395075,977,27
7,5,Q-native,364475,395075,1005,27
7,5,Q-native,374475,395075,1033,28
7,5,Q-native,384475,395075,1060,27
7,5,Q-native,394475,395075,1088,27
8,5,Q-native,9400,395075,25,25
8,5,Q-native,19400,395075,54,28
8,5,Q-native,29400,395075,81,27
8,5,Q-native,39400,395075,109,27
8,5,Q-native,49400,395075,137,27
8,5,Q-native,59400,395075,165,27
8,5,Q-native,69400,395075,192,27
8,5,Q-native,79400,395075,220,27
8,5,Q-native,89400,395075,248,28
8,5,Q-native,99400,395075,276,27
8,5,Q-native,109400,395075,303,27
8,5,Q-native,119400,395075,331,27
8,5,Q-native,129400,395075,359,27
8,5,Q-native,139400,395075,387,28
8,5,Q-native,149400,395075,415,27
8,5,Q-native,159400,395075,443,28
8,5,Q-native,169400,395075,471,27
8,5,Q-native,179400,395075,498,27
8,5,Q-native,189400,395075,526,27
8,5,Q-native,199400,395075,554,27
8,5,Q-native,209400,395075,582,27
8,5,Q-native,219400,395075,609,27
8,5,Q-native,229400,395075,638,28
8,5,Q-native,239400,395075,666,28
8,5,Q-native,249400,395075,694,27
8,5,Q-native,259400,395075,721,27
8,5,Q-native,269400,395075,749,27
8,5,Q-native,279400,395075,777,27
8,5,Q-native,289400,395075,804,27
8,5,Q-native,299400,395075,832,27
8,5,Q-native,309400,395075,860,27
8,5,Q-native,319400,395075,888,27
8,5,Q-native,329400,395075,916,27
8,5,Q-native,339400,395075,943,27
8,5,Q-native,349400,395075,971,27
8,5,Q-native,359400,395075,999,27
8,5,Q-native,369400,395075,1027,27
8,5,Q-native,379400,395075,1055,28
8,5,Q-native,389400,395075,1083,27
9,5,Q-native,4325,395075,11,11
9,5,Q-native,14325,395075,39,27
9,5,Q-native,24325,395075,68,28
9,5,Q-native,34325,395075,96,28
9,5,Q-native,44325,395075,124,27
9,5,Q-native,54325,395075,152,27
9,5,Q-native,64325,395075,179,27
9,5,Q-native,74325,395075,207,27
9,5,Q-native,84325,395075,235,28
9,5,Q-native,94325,395075,263,28
9,5,Q-native,104325,395075,291,27
9,5,Q-native,114325,395075,319,27
9,5,Q-native,124325,395075,347,27
9,5,Q-native,134325,395075,375,28
9,5,Q-native,144325,395075,402,27
9,5,Q-native,154325,395075,430,27
9,5,Q-native,164325,395075,458,27
9,5,Q-native,174325,395075,485,27
9,5,Q-native,184325,395075,513,27
9,5,Q-native,194325,395075,540,27
9,5,Q-native,204325,395075,568,27
9,5,Q-native,214325,395075,596,27
9,5,Q-native,224325,395075,623,27
9,5,Q-native,234325,395075,652,28
9,5,Q-native,244325,395075,680,28
9,5,Q-native,254325,395075,707,27
9,5,Q-native,264325,395075,735,27
9,5,Q-native,274325,395075,763,27
9,5,Q-native,284325,395075,790,27
9,5,Q-native,294325,395075,818,27
9,5,Q-native,304325,395075,846,28
9,5,Q-native,314325,395075,874,27
9,5,Q-native,324325,395075,901,27
9,5,Q-native,334325,395075,929,28
9,5,Q-native,344325,395075,957,27
9,5,Q-native,354325,395075,984,27
9,5,Q-native,364325,395075,1012,27
9,5,Q-native,374325,395075,1040,27
9,5,Q-native,384325,395075,1068,27
9,5,Q-native,394325,395075,1096,28
0,3,Q-lev,10000,395075,53,53
0,3,Q-lev,20000,395075,90,36
0,3,Q-lev,30000,395075,125,35
0,3,Q-lev,40000,395075,161,35
0,3,Q-lev,50000,395075,196,35
0,3,Q-lev,60000,395075,231,34
0,3,Q-lev,70000,395075,265,34
0,3,Q-lev,80000,395075,300,34
0,3,Q-lev,90000,395075,335,35
0,3,Q-lev,100000,395075,370,35
0,3,Q-lev,110000,395075,405,34
0,3,Q-lev,120000,395075,439,34
0,3,Q-lev,130000,395075,473,34
0,3,Q-lev,140000,395075,509,35
0,3,Q-lev,150000,395075,544,34
0,3,Q-lev,160000,395075,579,35
0,3,Q-lev,170000,395075,614,34
0,3,Q-lev,180000,395075,648,33
0,3,Q-lev,190000,395075,682,34
0,3,Q-lev,200000,395075,716,33
0,3,Q-lev,210000,395075,749,33
0,3,Q-lev,220000,395075,782,33
0,3,Q-lev,230000,395075,817,35
0,3,Q-lev,240000,395075,852,35
0,3,Q-lev,250000,395075,886,34
0,3,Q-lev,260000,395075,920,33
0,3,Q-lev,270000,395075,954,34
0,3,Q-lev,280000,395075,988,33
0,3,Q-lev,290000,395075,1021,33
0,3,Q-lev,300000,395075,1055,33
0,3,Q-lev,310000,395075,1088,33
0,3,Q-lev,320000,395075,1121,33
0,3,Q-lev,330000,395075,1155,33
0,3,Q-lev,340000,395075,1190,34
0,3,Q-lev,350000,395075,1223,33
0,3,Q-lev,360000,395075,1259,35
0,3,Q-lev,370000,395075,1293,33
0,3,Q-lev,380000,395075,1328,35
0,3,Q-lev,390000,395075,1362,33
1,3,Q-lev,4925,395075,17,17
1,3,Q-lev,14925,395075,53,36
1,3,Q-lev,24925,395075,89,36
1,3,Q-lev,34925,395075,125,35
1,3,Q-lev,44925,395075,159,33
1,3,Q-lev,54925,395075,191,31
1,3,Q-lev,64925,395075,222,31
1,3,Q-lev,74925,395075,254,31
1,3,Q-lev,84925,395075,289,34
1,3,Q-lev,94925,395075,326,37
1,3,Q-lev,104925,395075,362,36
1,3,Q-lev,114925,395075,399,36
1,3,Q-lev,124925,395075,433,34
1,3,Q-lev,134925,395075,471,38
1,3,Q-lev,144925,395075,506,35
1,3,Q-lev,154925,395075,542,36
1,3,Q-lev,164925,395075,579,36
1,3,Q-lev,174925,395075,614,34
1,3,Q-lev,184925,395075,648,34
1,3,Q-lev,194925,395075,684,35
1,3,Q-lev,204925,395075,718,34
1,3,Q-lev,214925,395075,752,33
1,3,Q-lev,224925,395075,785,33
1,3,Q-lev,234925,395075,819,34
1,3,Q-lev,244925,395075,854,34
1,3,Q-lev,254925,395075,887,33
1,3,Q-lev,264925,395075,921,33
1,3,Q-lev,274925,395075,955,34
1,3,Q-lev,284925,395075,988,32
1,3,Q-lev,294925,395075,1022,33
1,3,Q-lev,304925,395075,1055,33
1,3,Q-lev,314925,395075,1088,32
1,3,Q-lev,324925,395075,1122,33
1,3,Q-lev,334925,395075,1156,34
1,3,Q-lev,344925,395075,1188,32
1,3,Q-lev,354925,395075,1222,33
1,3,Q-lev,364925,395075,1256,34
1,3,Q-lev,374925,395075,1290,33
1,3,Q-lev,384925,395075,1326,36
1,3,Q-lev,394925,395075,1362,36
2,3,Q-lev,9850,395075,35,35
2,3,Q-lev,19850,395075,71,35
2,3,Q-lev,29850,395075,107,35
2,3,Q-lev,39850,395075,143,36
2,3,Q-lev,49850,395075,179,36
2,3,Q-lev,59850,395075,212,33
2,3,Q-lev,69850,395075,244,31
2,3,Q-lev,79850,395075,275,31
2,3,Q-lev,89850,395075,308,32
2,3,Q-lev,99850,395075,340,32
2,3,Q-lev,109850,395075,372,32
2,3,Q-lev,119850,395075,404,31
2,3,Q-lev,129850,395075,436,31
2,3,Q-lev,139850,395075,467,31
2,3,Q-lev,149850,395075,499,31
2,3,Q-lev,159850,395075,532,32
2,3,Q-lev,169850,395075,564,32
2,3,Q-lev,179850,395075,595,30
2,3,Q-lev,189850,395075,627,31
2,3,Q-lev,199850,395075,659,32
2,3,Q-lev,209850,395075,690,31
2,3,Q-lev,219850,395075,724,33
2,3,Q-lev,229850,395075,761,36
2,3,Q-lev,239850,395075,798,36
2,3,Q-lev,249850,395075,834,35
2,3,Q-lev,259850,395075,877,43
2,3,Q-lev,269850,395075,914,36
2,3,Q-lev,279850,395075,947,33
2,3,Q-lev,289850,395075,979,31
2,3,Q-lev,299850,395075,1012,32
2,3,Q-lev,309850,395075,1043,31
2,3,Q-lev,319850,395075,1074,31
2,3,Q-lev,329850,395075,1107,32
2,3,Q-lev,339850,395075,1139,32
2,3,Q-lev,349850,395075,1171,32
2,3,Q-lev,359850,395075,1204,33
2,3,Q-lev,369850,395075,1236,32
2,3,Q-lev,379850,395075,1269,33
2,3,Q-lev,389850,395075,1302,32
3,3,Q-lev,4775,395075,15,15
3,3,Q-lev,14775,395075,48,32
3,3,Q-lev,24775,395075,81,33
3,3,Q-lev,34775,395075,113,32
3,3,Q-lev,44775,395075,145,32
3,3,Q-lev,54775,395075,178,32
3,3,Q-lev,64775,395075,210,31
3,3,Q-lev,74775,395075,241,31
3,3,Q-lev,84775,395075,275,33
3,3,Q-lev,94775,395075,308,32
3,3,Q-lev,104775,395075,340,32
3,3,Q-lev,114775,395075,372,31
3,3,Q-lev,124775,395075,403,31
3,3,Q-lev,134775,395075,435,32
3,3,Q-lev,144775,395075,467,31
3,3,Q-lev,154775,395075,499,32
3,3,Q-lev,164775,395075,532,32
3,3,Q-lev,174775,395075,564,31
3,3,Q-lev,184775,395075,596,31
3,3,Q-lev,194775,395075,628,31
3,3,Q-lev,204775,395075,659,31
3,3,Q-lev,214775,395075,691,31
3,3,Q-lev,224775,395075,722,31
3,3,Q-lev,234775,395075,755,32
3,3,Q-lev,244775,395075,789,33
3,3,Q-lev,254775,395075,823,33
3,3,Q-lev,264775,395075,855,32
3,3,Q-lev,274775,395075,887,32
3,3,Q-lev,284775,395075,918,31
3,3,Q-lev,294775,395075,951,32
3,3,Q-lev,304775,395075,983,32
3,3,Q-lev,314775,395075,1014,31
3,3,Q-lev,324775,395075,1046,31
3,3,Q-lev,334775,395075,1078,32
3,3,Q-lev,344775,395075,1110,31
3,3,Q-lev,354775,395075,1142,32
3,3,Q-lev,364775,395075,1175,33
3,3,Q-lev,374775,395075,1208,32
3,3,Q-lev,384775,395075,1241,33
3,3,Q-lev,394775,395075,1274,32
4,3,Q-lev,9700,395075,31,31
4,3,Q-lev,19700,395075,64,33
4,3,Q-lev,29700,395075,97,32
4,3,Q-lev,39700,395075,130,33
4,3,Q-lev,49700,395075,162,32
4,3,Q-lev,59700,395075,194,32
4,3,Q-lev,69700,395075,225,31
4,3,Q-lev,79700,395075,257,31
4,3,Q-lev,89700,395075,290,32
4,3,Q-lev,99700,395075,323,32
4,3,Q-lev,109700,395075,355,32
4,3,Q-lev,119700,395075,387,31
4,3,Q-lev,129700,395075,418,31
4,3,Q-lev,139700,395075,450,31
4,3,Q-lev,149700,395075,482,32
4,3,Q-lev,159700,395075,515,32
4,3,Q-lev,169700,395075,547,32
4,3,Q-lev,179700,395075,580,32
4,3,Q-lev,189700,395075,616,35
4,3,Q-lev,199700,395075,651,35
4,3,Q-lev,209700,395075,687,35
4,3,Q-lev,219700,395075,721,34
4,3,Q-lev,229700,395075,758,36
4,3,Q-lev,239700,395075,795,36
4,3,Q-lev,249700,395075,830,35
4,3,Q-lev,259700,395075,866,35
4,3,Q-lev,269700,395075,902,36
4,3,Q-lev,279700,395075,937,34
4,3,Q-lev,289700,395075,972,35
4,3,Q-lev,299700,395075,1008,36
4,3,Q-lev,309700,395075,1044,35
4,3,Q-lev,319700,395075,1080,36
4,3,Q-lev,329700,395075,1116,36
4,3,Q-lev,339700,395075,1153,36
4,3,Q-lev,349700,395075,1189,35
4,3,Q-lev,359700,395075,1227,37
4,3,Q-lev,369700,395075,1263,36
4,3,Q-lev,379700,395075,1301,37
4,3,Q-lev,389700,395075,1338,36
5,3,Q-lev,4625,395075,16,16
5,3,Q-lev,14625,395075,52,36
5,3,Q-lev,24625,395075,90,37
5,3,Q-lev,34625,395075,126,36
5,3,Q-lev,44625,395075,163,36
5,3,Q-lev,54625,395075,199,36
5,3,Q-lev,64625,395075,235,35
5,3,Q-lev,74625,395075,271,36
5,3,Q-lev,84625,395075,307,36
5,3,Q-lev,94625,395075,344,36
5,3,Q-lev,104625,395075,380,36
5,3,Q-lev,114625,395075,416,35
5,3,Q-lev,124625,395075,469,52
5,3,Q-lev,134625,395075,505,36
5,3,Q-lev,144625,395075,541,35
5,3,Q-lev,154625,395075,577,36
5,3,Q-lev,164625,395075,613,36
5,3,Q-lev,174625,395075,650,36
5,3,Q-lev,184625,395075,686,35
5,3,Q-lev,194625,395075,721,35
5,3,Q-lev,204625,395075,757,35
5,3,Q-lev,214625,395075,793,36
5,3,Q-lev,224625,395075,829,35
5,3,Q-lev,234625,395075,866,37
5,3,Q-lev,244625,395075,903,37
5,3,Q-lev,254625,395075,938,35
5,3,Q-lev,264625,395075,974,35
5,3,Q-lev,274625,395075,1011,36
5,3,Q-lev,284625,395075,1046,34
5,3,Q-lev,294625,395075,1082,36
5,3,Q-lev,304625,395075,1119,36
5,3,Q-lev,314625,395075,1154,35
5,3,Q-lev,324625,395075,1190,36
5,3,Q-lev,334625,395075,1227,37
5,3,Q-lev,344625,395075,1262,35
5,3,Q-lev,354625,395075,1299,36
5,3,Q-lev,364625,395075,1336,36
5,3,Q-lev,374625,395075,1372,36
5,3,Q-lev,384625,395075,1409,36
5,3,Q-lev,394625,395075,1445,36
6,3,Q-lev,9550,395075,34,34
6,3,Q-lev,19550,395075,71,36
6,3,Q-lev,29550,395075,108,37
6,3,Q-lev,39550,395075,145,37
6,3,Q-lev,49550,395075,182,36
6,3,Q-lev,59550,395075,218,36
6,3,Q-lev,69550,395075,254,35
6,3,Q-lev,79550,395075,290,35
6,3,Q-lev,89550,395075,326,36
6,3,Q-lev,99550,395075,363,36
6,3,Q-lev,109550,395075,399,35
6,3,Q-lev,119550,395075,435,36
6,3,Q-lev,129550,395075,470,35
6,3,Q-lev,139550,395075,506,35
6,3,Q-lev,149550,395075,543,36
6,3,Q-lev,159550,395075,580,37
6,3,Q-lev,169550,395075,616,35
6,3,Q-lev,179550,395075,651,35
6,3,Q-lev,189550,395075,687,36
6,3,Q-lev,199550,395075,723,35
6,3,Q-lev,209550,395075,758,34
6,3,Q-lev,219550,395075,793,34
6,3,Q-lev,229550,395075,829,36
6,3,Q-lev,239550,395075,866,36
6,3,Q-lev,249550,395075,902,35
6,3,Q-lev,259550,395075,937,35
6,3,Q-lev,269550,395075,974,36
6,3,Q-lev,279550,395075,1009,35
6,3,Q-lev,289550,395075,1045,35
6,3,Q-lev,299550,395075,1081,36
6,3,Q-lev,309550,395075,1117,35
6,3,Q-lev,319550,395075,1152,35
6,3,Q-lev,329550,395075,1188,35
6,3,Q-lev,339550,395075,1224,36
6,3,Q-lev,349550,395075,1261,36
6,3,Q-lev,359550,395075,1298,37
6,3,Q-lev,369550,395075,1335,36
6,3,Q-lev,379550,395075,1374,39
6,3,Q-lev,389550,395075,1413,38
7,3,Q-lev,4475,395075,16,16
7,3,Q-lev,14475,395075,54,37
7,3,Q-lev,24475,395075,92,38
7,3,Q-lev,34475,395075,128,36
7,3,Q-lev,44475,395075,165,36
7,3,Q-lev,54475,395075,202,36
7,3,Q-lev,64475,395075,237,35
7,3,Q-lev,74475,395075,273,35
7,3,Q-lev,84475,395075,309,35
7,3,Q-lev,94475,395075,345,36
7,3,Q-lev,104475,395075,382,36
7,3,Q-lev,114475,395075,417,35
7,3,Q-lev,124475,395075,453,35
7,3,Q-lev,134475,395075,488,35
7,3,Q-lev,144475,395075,525,36
7,3,Q-lev,154475,395075,561,36
7,3,Q-lev,164475,395075,598,36
7,3,Q-lev,174475,395075,633,35
7,3,Q-lev,184475,395075,668,35
7,3,Q-lev,194475,395075,704,35
7,3,Q-lev,204475,395075,739,35
7,3,Q-lev,214475,395075,775,35
7,3,Q-lev,224475,395075,810,35
7,3,Q-lev,234475,395075,847,36
7,3,Q-lev,244475,395075,884,36
7,3,Q-lev,254475,395075,919,35
7,3,Q-lev,264475,395075,954,35
7,3,Q-lev,274475,395075,990,36
7,3,Q-lev,284475,395075,1025,34
7,3,Q-lev,294475,395075,1061,35
7,3,Q-lev,304475,395075,1097,36
7,3,Q-lev,314475,395075,1131,34
7,3,Q-lev,324475,395075,1167,35
7,3,Q-lev,334475,395075,1204,36
7,3,Q-lev,344475,395075,1239,35
7,3,Q-lev,354475,395075,1276,36
7,3,Q-lev,364475,395075,1312,36
7,3,Q-lev,374475,395075,1349,36
7,3,Q-lev,384475,395075,1386,37
7,3,Q-lev,394475,395075,1422,36
8,3,Q-lev,9400,395075,34,34
8,3,Q-lev,19400,395075,71,37
8,3,Q-lev,29400,395075,108,36
8,3,Q-lev,39400,395075,145,37
8,3,Q-lev,49400,395075,182,36
8,3,Q-lev,59400,395075,219,36
8,3,Q-lev,69400,395075,254,35
8,3,Q-lev,79400,395075,290,36
8,3,Q-lev,89400,395075,328,37
8,3,Q-lev,99400,395075,365,36
8,3,Q-lev,109400,395075,401,36
8,3,Q-lev,119400,395075,439,37
8,3,Q-lev,129400,395075,475,36
8,3,Q-lev,139400,395075,511,36
8,3,Q-lev,149400,395075,549,37
8,3,Q-lev,159400,395075,586,37
8,3,Q-lev,169400,395075,623,36
8,3,Q-lev,179400,395075,658,35
8,3,Q-lev,189400,395075,694,36
8,3,Q-lev,199400,395075,731,36
8,3,Q-lev,209400,395075,766,34
8,3,Q-lev,219400,395075,799,33
8,3,Q-lev,229400,395075,832,32
8,3,Q-lev,239400,395075,865,33
8,3,Q-lev,249400,395075,896,31
8,3,Q-lev,259400,395075,928,31
8,3,Q-lev,269400,395075,960,32
8,3,Q-lev,279400,395075,992,31
8,3,Q-lev,289400,395075,1023,31
8,3,Q-lev,299400,395075,1056,32
8,3,Q-lev,309400,395075,1088,31
8,3,Q-lev,319400,395075,1122,34
8,3,Q-lev,329400,395075,1154,32
8,3,Q-lev,339400,395075,1187,32
8,3,Q-lev,349400,395075,1218,31
8,3,Q-lev,359400,395075,1252,33
8,3,Q-lev,369400,395075,1284,32
8,3,Q-lev,379400,395075,1317,33
8,3,Q-lev,389400,395075,1350,32
9,3,Q-lev,4325,395075,13,13
9,3,Q-lev,14325,395075,46,32
9,3,Q-lev,24325,395075,80,33
9,3,Q-lev,34325,395075,112,32
9,3,Q-lev,44325,395075,144,32
9,3,Q-lev,54325,395075,178,33
9,3,Q-lev,64325,395075,210,32
9,3,Q-lev,74325,395075,242,31
9,3,Q-lev,84325,395075,274,32
9,3,Q-lev,94325,395075,307,32
9,3,Q-lev,104325,395075,340,33
9,3,Q-lev,114325,395075,374,33
9,3,Q-lev,124325,395075,406,32
9,3,Q-lev,134325,395075,438,32
9,3,Q-lev,144325,395075,470,32
9,3,Q-lev,154325,395075,504,34
9,3,Q-lev,164325,395075,539,34
9,3,Q-lev,174325,395075,572,32
9,3,Q-lev,184325,395075,604,32
9,3,Q-lev,194325,395075,636,31
9,3,Q-lev,204325,395075,668,32
9,3,Q-lev,214325,395075,701,32
9,3,Q-lev,224325,395075,733,32
9,3,Q-lev,234325,395075,766,33
9,3,Q-lev,244325,395075,799,33
9,3,Q-lev,254325,395075,832,33
9,3,Q-lev,264325,395075,866,34
9,3,Q-lev,274325,395075,901,34
9,3,Q-lev,284325,395075,935,33
9,3,Q-lev,294325,395075,970,34
9,3,Q-lev,304325,395075,1003,33
9,3,Q-lev,314325,395075,1035,31
9,3,Q-lev,324325,395075,1066,31
9,3,Q-lev,334325,395075,1098,32
9,3,Q-lev,344325,395075,1131,32
9,3,Q-lev,354325,395075,1166,35
9,3,Q-lev,364325,395075,1199,33
9,3,Q-lev,374325,395075,1232,33
9,3,Q-lev,384325,395075,1265,33
9,3,Q-lev,394325,395075,1298,32
0,4,Q-phases,10000,395075,142,142
0,4,Q-phases,20000,395075,259,116
0,4,Q-phases,30000,395075,377,117
0,4,Q-phases,40000,395075,496,118
0,4,Q-phases,50000,395075,612,116
0,4,Q-phases,60000,395075,730,118
0,4,Q-phases,70000,395075,843,112
0,4,Q-phases,80000,395075,958,114
0,4,Q-phases,90000,395075,1070,111
0,4,Q-phases,100000,395075,1189,119
0,4,Q-phases,110000,395075,1301,111
0,4,Q-phases,120000,395075,1416,115
0,4,Q-phases,130000,395075,1531,115
0,4,Q-phases,140000,395075,1646,114
0,4,Q-phases,150000,395075,1762,115
0,4,Q-phases,160000,395075,1876,114
0,4,Q-phases,170000,395075,1990,114
0,4,Q-phases,180000,395075,2099,109
0,4,Q-phases,190000,395075,2222,122
0,4,Q-phases,200000,395075,2340,118
0,4,Q-phases,210000,395075,2457,116
0,4,Q-phases,220000,395075,2571,113
0,4,Q-phases,230000,395075,2686,115
0,4,Q-phases,240000,395075,2808,121
0,4,Q-phases,250000,395075,2921,113
0,4,Q-phases,260000,395075,3042,120
0,4,Q-phases,270000,395075,3158,116
0,4,Q-phases,280000,395075,3273,115
0,4,Q-phases,290000,395075,3391,117
0,4,Q-phases,300000,395075,3504,113
0,4,Q-phases,310000,395075,3630,125
0,4,Q-phases,320000,395075,3746,116
0,4,Q-phases,330000,395075,3862,115
0,4,Q-phases,340000,395075,3969,107
0,4,Q-phases,350000,395075,4074,104
0,4,Q-phases,360000,395075,4180,106
0,4,Q-phases,370000,395075,4284,104
0,4,Q-phases,380000,395075,4391,106
0,4,Q-phases,390000,395075,4498,107
1,4,Q-phases,4925,395075,53,53
1,4,Q-phases,14925,395075,166,113
1,4,Q-phases,24925,395075,285,119
1,4,Q-phases,34925,395075,406,120
1,4,Q-phases,44925,395075,529,123
1,4,Q-phases,54925,395075,652,123
1,4,Q-phases,64925,395075,778,125
1,4,Q-phases,74925,395075,902,123
1,4,Q-phases,84925,395075,1022,120
1,4,Q-phases,94925,395075,1135,112
1,4,Q-phases,104925,395075,1254,118
1,4,Q-phases,114925,395075,1366,111
1,4,Q-phases,124925,395075,1484,118
1,4,Q-phases,134925,395075,1615,130
1,4,Q-phases,144925,395075,1744,129
1,4,Q-phases,154925,395075,1870,125
1,4,Q-phases,164925,395075,1987,117
1,4,Q-phases,174925,395075,2112,125
1,4,Q-phases,184925,395075,2232,119
1,4,Q-phases,194925,395075,2353,121
1,4,Q-phases,204925,395075,2476,123
1,4,Q-phases,214925,395075,2623,147
1,4,Q-phases,224925,395075,2789,165
1,4,Q-phases,234925,395075,2910,120
1,4,Q-phases,244925,395075,3027,117
1,4,Q-phases,254925,395075,3151,123
1,4,Q-phases,264925,395075,3315,164
1,4,Q-phases,274925,395075,3434,118
1,4,Q-phases,284925,395075,3558,123
1,4,Q-phases,294925,395075,3686,127
1,4,Q-phases,304925,395075,3814,128
1,4,Q-phases,314925,395075,3945,131
1,4,Q-phases,324925,395075,4072,126
1,4,Q-phases,334925,395075,4201,129
1,4,Q-phases,344925,395075,4331,130
1,4,Q-phases,354925,395075,4452,121
1,4,Q-phases,364925,395075,4581,128
1,4,Q-phases,374925,395075,4709,127
1,4,Q-phases,384925,395075,4833,124
1,4,Q-phases,394925,395075,4960,126
2,4,Q-phases,9850,395075,128,128
2,4,Q-phases,19850,395075,250,122
2,4,Q-phases,29850,395075,374,123
2,4,Q-phases,39850,395075,493,119
2,4,Q-phases,49850,395075,615,122
2,4,Q-phases,59850,395075,735,119
2,4,Q-phases,69850,395075,852,117
2,4,Q-phases,79850,395075,970,117
2,4,Q-phases,89850,395075,1080,109
2,4,Q-phases,99850,395075,1191,110
2,4,Q-phases,109850,395075,1298,106
2,4,Q-phases,119850,395075,1407,109
2,4,Q-phases,129850,395075,1518,111
2,4,Q-phases,139850,395075,1630,112
2,4,Q-phases,149850,395075,1741,110
2,4,Q-phases,159850,395075,1844,103
2,4,Q-phases,169850,395075,1948,103
2,4,Q-phases,179850,395075,2051,103
2,4,Q-phases,189850,395075,2155,104
2,4,Q-phases,199850,395075,2261,105
2,4,Q-phases,209850,395075,2368,106
2,4,Q-phases,219850,395075,2476,107
2,4,Q-phases,229850,395075,2589,113
2,4,Q-phases,239850,395075,2695,105
2,4,Q-phases,249850,395075,2811,116
2,4,Q-phases,259850,395075,2929,118
2,4,Q-phases,269850,395075,3044,114
2,4,Q-phases,279850,395075,3159,115
2,4,Q-phases,289850,395075,3272,112
2,4,Q-phases,299850,395075,3388,116
2,4,Q-phases,309850,395075,3493,104
2,4,Q-phases,319850,395075,3643,150
2,4,Q-phases,329850,395075,3747,103
2,4,Q-phases,339850,395075,3849,101
2,4,Q-phases,349850,395075,3960,110
2,4,Q-phases,359850,395075,4064,104
2,4,Q-phases,369850,395075,4170,106
2,4,Q-phases,379850,395075,4274,104
2,4,Q-phases,389850,395075,4380,105
3,4,Q-phases,4775,395075,48,48
3,4,Q-phases,14775,395075,155,106
3,4,Q-phases,24775,395075,254,98
3,4,Q-phases,34775,395075,362,108
3,4,Q-phases,44775,395075,464,101
3,4,Q-phases,54775,395075,568,104
3,4,Q-phases,64775,395075,667,99
3,4,Q-phases,74775,395075,771,103
3,4,Q-phases,84775,395075,872,101
3,4,Q-phases,94775,395075,977,104
3,4,Q-phases,104775,395075,1076,99
3,4,Q-phases,114775,395075,1181,105
3,4,Q-phases,124775,395075,1287,105
3,4,Q-phases,134775,395075,1399,111
3,4,Q-phases,144775,395075,1499,100
3,4,Q-phases,154775,395075,1606,106
3,4,Q-phases,164775,395075,1705,98
3,4,Q-phases,174775,395075,1812,107
3,4,Q-phases,184775,395075,1912,100
3,4,Q-phases,194775,395075,2020,107
3,4,Q-phases,204775,395075,2128,108
3,4,Q-phases,214775,395075,2236,107
3,4,Q-phases,224775,395075,2341,104
3,4,Q-phases,234775,395075,2471,129
3,4,Q-phases,244775,395075,2596,124
3,4,Q-phases,254775,395075,2699,103
3,4,Q-phases,264775,395075,2802,103
3,4,Q-phases,274775,395075,2906,104
3,4,Q-phases,284775,395075,3010,103
3,4,Q-phases,294775,395075,3110,99
3,4,Q-phases,304775,395075,3218,108
3,4,Q-phases,314775,395075,3320,101
3,4,Q-phases,324775,395075,3424,104
3,4,Q-phases,334775,395075,3524,100
3,4,Q-phases,344775,395075,3628,103
3,4,Q-phases,354775,395075,3727,99
3,4,Q-phases,364775,395075,3834,106
3,4,Q-phases,374775,395075,3940,105
3,4,Q-phases,384775,395075,4044,103
3,4,Q-phases,394775,395075,4144,100
4,4,Q-phases,9700,395075,100,100
4,4,Q-phases,19700,395075,202,101
4,4,Q-phases,29700,395075,309,107
4,4,Q-phases,39700,395075,415,106
4,4,Q-phases,49700,395075,529,113
4,4,Q-phases,59700,395075,642,113
4,4,Q-phases,69700,395075,743,100
4,4,Q-phases,79700,395075,850,107
4,4,Q-phases,89700,395075,956,105
4,4,Q-phases,99700,395075,1067,110
4,4,Q-phases,109700,395075,1171,104
4,4,Q-phases,119700,395075,1281,110
4,4,Q-phases,129700,395075,1388,106
4,4,Q-phases,139700,395075,1498,110
4,4,Q-phases,149700,395075,1625,126
4,4,Q-phases,159700,395075,1752,127
4,4,Q-phases,169700,395075,1863,110
4,4,Q-phases,179700,395075,1972,108
4,4,Q-phases,189700,395075,2084,111
4,4,Q-phases,199700,395075,2185,101
4,4,Q-phases,209700,395075,2305,119
4,4,Q-phases,219700,395075,2408,102
4,4,Q-phases,229700,395075,2516,108
4,4,Q-phases,239700,395075,2619,102
4,4,Q-phases,249700,395075,2727,108
4,4,Q-phases,259700,395075,2826,99
4,4,Q-phases,269700,395075,2933,106
4,4,Q-phases,279700,395075,3034,101
4,4,Q-phases,289700,395075,3152,117
4,4,Q-phases,299700,395075,3269,116
4,4,Q-phases,309700,395075,3374,105
4,4,Q-phases,319700,395075,3484,110
4,4,Q-phases,329700,395075,3589,104
4,4,Q-phases,339700,395075,3698,109
4,4,Q-phases,349700,395075,3798,99
4,4,Q-phases,359700,395075,3907,109
4,4,Q-phases,369700,395075,4018,110
4,4,Q-phases,379700,395075,4131,112
4,4,Q-phases,389700,395075,4236,104
5,4,Q-phases,4625,395075,51,51
5,4,Q-phases,14625,395075,153,102
5,4,Q-phases,24625,395075,259,106
5,4,Q-phases,34625,395075,361,101
5,4,Q-phases,44625,395075,467,105
5,4,Q-phases,54625,395075,570,103
5,4,Q-phases,64625,395075,676,105
5,4,Q-phases,74625,395075,777,101
5,4,Q-phases,84625,395075,881,104
5,4,Q-phases,94625,395075,999,117
5,4,Q-phases,104625,395075,1106,107
5,4,Q-phases,114625,395075,1214,107
5,4,Q-phases,124625,395075,1334,120
5,4,Q-phases,134625,395075,1470,135
5,4,Q-phases,144625,395075,1572,101
5,4,Q-phases,154625,395075,1683,110
5,4,Q-phases,164625,395075,1784,101
5,4,Q-phases,174625,395075,1895,111
5,4,Q-phases,184625,395075,1998,102
5,4,Q-phases,194625,395075,2105,107
5,4,Q-phases,204625,395075,2205,99
5,4,Q-phases,214625,395075,2312,106
5,4,Q-phases,224625,395075,2411,99
5,4,Q-phases,234625,395075,2515,104
5,4,Q-phases,244625,395075,2616,100
5,4,Q-phases,254625,395075,2724,108
5,4,Q-phases,264625,395075,2829,105
5,4,Q-phases,274625,395075,2943,113
5,4,Q-phases,284625,395075,3045,101
5,4,Q-phases,294625,395075,3150,105
5,4,Q-phases,304625,395075,3258,107
5,4,Q-phases,314625,395075,3362,104
5,4,Q-phases,324625,395075,3465,103
5,4,Q-phases,334625,395075,3565,99
5,4,Q-phases,344625,395075,3670,104
5,4,Q-phases,354625,395075,3776,106
5,4,Q-phases,364625,395075,3881,105
5,4,Q-phases,374625,395075,3984,103
5,4,Q-phases,384625,395075,4091,106
5,4,Q-phases,394625,395075,4192,100
6,4,Q-phases,9550,395075,105,105
6,4,Q-phases,19550,395075,208,102
6,4,Q-phases,29550,395075,318,110
6,4,Q-phases,39550,395075,423,104
6,4,Q-phases,49550,395075,534,111
6,4,Q-phases,59550,395075,641,106
6,4,Q-phases,69550,395075,751,110
6,4,Q-phases,79550,395075,861,109
6,4,Q-phases,89550,395075,969,108
6,4,Q-phases,99550,395075,1074,104
6,4,Q-phases,109550,395075,1178,103
6,4,Q-phases,119550,395075,1284,105
6,4,Q-phases,129550,395075,1386,102
6,4,Q-phases,139550,395075,1494,108
6,4,Q-phases,149550,395075,1596,102
6,4,Q-phases,159550,395075,1708,111
6,4,Q-phases,169550,395075,1817,109
6,4,Q-phases,179550,395075,1929,112
6,4,Q-phases,189550,395075,2032,102
6,4,Q-phases,199550,395075,2138,105
6,4,Q-phases,209550,395075,2240,102
6,4,Q-phases,219550,395075,2343,103
6,4,Q-phases,229550,395075,2443,99
6,4,Q-phases,239550,395075,2550,107
6,4,Q-phases,249550,395075,2649,99
6,4,Q-phases,259550,395075,2754,104
6,4,Q-phases,269550,395075,2856,102
6,4,Q-phases,279550,395075,2964,107
6,4,Q-phases,289550,395075,3065,101
6,4,Q-phases,299550,395075,3173,108
6,4,Q-phases,309550,395075,3276,102
6,4,Q-phases,319550,395075,3384,108
6,4,Q-phases,329550,395075,3491,107
6,4,Q-phases,339550,395075,3608,116
6,4,Q-phases,349550,395075,3739,130
6,4,Q-phases,359550,395075,3839,100
6,4,Q-phases,369550,395075,3953,113
6,4,Q-phases,379550,395075,4053,99
6,4,Q-phases,389550,395075,4159,106
7,4,Q-phases,4475,395075,44,44
7,4,Q-phases,14475,395075,152,108
7,4,Q-phases,24475,395075,251,99
7,4,Q-phases,34475,395075,359,107
7,4,Q-phases,44475,395075,461,101
7,4,Q-phases,54475,395075,569,108
7,4,Q-phases,64475,395075,673,103
7,4,Q-phases,74475,395075,779,106
7,4,Q-phases,84475,395075,880,100
7,4,Q-phases,94475,395075,986,106
7,4,Q-phases,104475,395075,1086,99
7,4,Q-phases,114475,395075,1189,103
7,4,Q-phases,124475,395075,1292,102
7,4,Q-phases,134475,395075,1397,104
7,4,Q-phases,144475,395075,1499,102
7,4,Q-phases,154475,395075,1604,105
7,4,Q-phases,164475,395075,1706,102
7,4,Q-phases,174475,395075,1813,106
7,4,Q-phases,184475,395075,1916,102
7,4,Q-phases,194475,395075,2018,102
7,4,Q-phases,204475,395075,2121,103
7,4,Q-phases,214475,395075,2222,101
7,4,Q-phases,224475,395075,2325,102
7,4,Q-phases,234475,395075,2427,101
7,4,Q-phases,244475,395075,2531,104
7,4,Q-phases,254475,395075,2633,102
7,4,Q-phases,264475,395075,2737,103
7,4,Q-phases,274475,395075,2848,111
7,4,Q-phases,284475,395075,2953,105
7,4,Q-phases,294475,395075,3057,103
7,4,Q-phases,304475,395075,3163,106
7,4,Q-phases,314475,395075,3263,100
7,4,Q-phases,324475,395075,3368,104
7,4,Q-phases,334475,395075,3470,101
7,4,Q-phases,344475,395075,3575,105
7,4,Q-phases,354475,395075,3675,100
7,4,Q-phases,364475,395075,3785,109
7,4,Q-phases,374475,395075,3885,100
7,4,Q-phases,384475,395075,3991,105
7,4,Q-phases,394475,395075,4090,98
8,4,Q-phases,9400,395075,99,99
8,4,Q-phases,19400,395075,199,100
8,4,Q-phases,29400,395075,304,104
8,4,Q-phases,39400,395075,405,101
8,4,Q-phases,49400,395075,517,112
8,4,Q-phases,59400,395075,617,100
8,4,Q-phases,69400,395075,723,105
8,4,Q-phases,79400,395075,821,98
8,4,Q-phases,89400,395075,926,104
8,4,Q-phases,99400,395075,1025,99
8,4,Q-phases,109400,395075,1130,104
8,4,Q-phases,119400,395075,1229,98
8,4,Q-phases,129400,395075,1341,112
8,4,Q-phases,139400,395075,1440,98
8,4,Q-phases,149400,395075,1548,107
8,4,Q-phases,159400,395075,1649,100
8,4,Q-phases,169400,395075,1758,109
8,4,Q-phases,179400,395075,1864,105
8,4,Q-phases,189400,395075,1980,115
8,4,Q-phases,199400,395075,2097,117
8,4,Q-phases,209400,395075,2215,118
8,4,Q-phases,219400,395075,2338,122
8,4,Q-phases,229400,395075,2450,112
8,4,Q-phases,239400,395075,2589,138
8,4,Q-phases,249400,395075,2706,116
8,4,Q-phases,259400,395075,2819,113
8,4,Q-phases,269400,395075,2928,109
8,4,Q-phases,279400,395075,3029,100
8,4,Q-phases,289400,395075,3137,108
8,4,Q-phases,299400,395075,3245,107
8,4,Q-phases,309400,395075,3353,107
8,4,Q-phases,319400,395075,3453,100
8,4,Q-phases,329400,395075,3559,105
8,4,Q-phases,339400,395075,3664,104
8,4,Q-phases,349400,395075,3776,112
8,4,Q-phases,359400,395075,3883,106
8,4,Q-phases,369400,395075,3989,106
8,4,Q-phases,379400,395075,4089,100
8,4,Q-phases,389400,395075,4194,105
9,4,Q-phases,4325,395075,42,42
9,4,Q-phases,14325,395075,149,106
9,4,Q-phases,24325,395075,248,99
9,4,Q-phases,34325,395075,355,106
9,4,Q-phases,44325,395075,455,100
9,4,Q-phases,54325,395075,562,106
9,4,Q-phases,64325,395075,661,99
9,4,Q-phases,74325,395075,765,103
9,4,Q-phases,84325,395075,865,99
9,4,Q-phases,94325,395075,969,104
9,4,Q-phases,104325,395075,1069,99
9,4,Q-phases,114325,395075,1173,103
9,4,Q-phases,124325,395075,1272,99
9,4,Q-phases,134325,395075,1382,109
9,4,Q-phases,144325,395075,1486,104
9,4,Q-phases,154325,395075,1592,105
9,4,Q-phases,164325,395075,1693,100
9,4,Q-phases,174325,395075,1796,103
9,4,Q-phases,184325,395075,1898,101
9,4,Q-phases,194325,395075,2002,104
9,4,Q-phases,204325,395075,2103,101
9,4,Q-phases,214325,395075,2210,106
9,4,Q-phases,224325,395075,2311,101
9,4,Q-phases,234325,395075,2415,104
9,4,Q-phases,244325,395075,2517,102
9,4,Q-phases,254325,395075,2622,104
9,4,Q-phases,264325,395075,2722,100
9,4,Q-phases,274325,395075,2823,101
9,4,Q-phases,284325,395075,2924,100
9,4,Q-phases,294325,395075,3027,103
9,4,Q-phases,304325,395075,3132,104
9,4,Q-phases,314325,395075,3237,105
9,4,Q-phases,324325,395075,3338,101
9,4,Q-phases,334325,395075,3440,101
9,4,Q-phases,344325,395075,3545,104
9,4,Q-phases,354325,395075,3646,101
9,4,Q-phases,364325,395075,3750,104
9,4,Q-phases,374325,395075,3857,107
9,4,Q-phases,384325,395075,3960,103
9,4,Q-phases,394325,395075,4061,100
0,6,ks,10000,585081,0.347,0.347
0,6,ks,20000,585081,0.725,0.377
0,6,ks,30000,585081,1.144,0.419
0,6,ks,40000,585081,1.49,0.345
0,6,ks,50000,585081,2.044,0.553
0,6,ks,60000,585081,2.446,0.402
0,6,ks,70000,585081,2.808,0.361
0,6,ks,80000,585081,3.194,0.385
0,6,ks,90000,585081,3.605,0.411
0,6,ks,100000,585081,3.981,0.376
0,6,ks,110000,585081,4.359,0.377
0,6,ks,120000,585081,4.806,0.447
0,6,ks,130000,585081,5.202,0.395
0,6,ks,140000,585081,5.555,0.352
0,6,ks,150000,585081,5.993,0.438
0,6,ks,160000,585081,6.441,0.447
0,6,ks,170000,585081,6.835,0.394
0,6,ks,180000,585081,7.186,0.35
0,6,ks,190000,585081,7.557,0.371
0,6,ks,200000,585081,7.927,0.37
0,6,ks,210000,585081,8.292,0.364
0,6,ks,220000,585081,8.676,0.384
0,6,ks,230000,585081,9.083,0.407
0,6,ks,240000,585081,9.491,0.408
0,6,ks,250000,585081,9.839,0.347
0,6,ks,260000,585081,10.256,0.416
0,6,ks,270000,585081,10.663,0.407
0,6,ks,280000,585081,11.057,0.393
0,6,ks,290000,585081,11.476,0.418
0,6,ks,300000,585081,11.987,0.51
0,6,ks,310000,585081,12.428,0.44
0,6,ks,320000,585081,12.786,0.358
0,6,ks,330000,585081,13.263,0.476
0,6,ks,340000,585081,13.754,0.491
0,6,ks,350000,585081,14.179,0.424
0,6,ks,360000,585081,14.701,0.521
0,6,ks,370000,585081,15.183,0.481
0,6,ks,380000,585081,15.695,0.511
0,6,ks,390000,585081,16.079,0.384
0,6,ks,400000,585081,16.587,0.507
0,6,ks,410000,585081,17.01,0.423
0,6,ks,420000,585081,17.406,0.396
0,6,ks,430000,585081,17.919,0.512
0,6,ks,440000,585081,18.355,0.436
0,6,ks,450000,585081,18.852,0.496
0,6,ks,460000,585081,19.215,0.363
0,6,ks,470000,585081,19.745,0.529
0,6,ks,480000,585081,20.206,0.46
0,6,ks,490000,585081,20.612,0.405
0,6,ks,500000,585081,20.979,0.366
0,6,ks,510000,585081,21.428,0.449
0,6,ks,520000,585081,21.895,0.466
0,6,ks,530000,585081,22.266,0.371
0,6,ks,540000,585081,22.71,0.443
0,6,ks,550000,585081,23.125,0.414
0,6,ks,560000,585081,23.556,0.431
0,6,ks,570000,585081,23.944,0.387
0,6,ks,580000,585081,24.332,0.388
1,6,ks,10000,585081,0.44,0.44
1,6,ks,20000,585081,0.84,0.399
1,6,ks,30000,585081,1.183,0.342
1,6,ks,40000,585081,1.533,0.349
1,6,ks,50000,585081,1.935,0.402
1,6,ks,60000,585081,2.363,0.428
1,6,ks,70000,585081,2.722,0.358
1,6,ks,80000,585081,3.169,0.447
1,6,ks,90000,585081,3.526,0.356
1,6,ks,100000,585081,3.878,0.352
1,6,ks,110000,585081,4.348,0.47
1,6,ks,120000,585081,4.751,0.403
1,6,ks,130000,585081,5.198,0.446
1,6,ks,140000,585081,5.552,0.354
1,6,ks,150000,585081,6.008,0.456
1,6,ks,160000,585081,6.401,0.393
1,6,ks,170000,585081,6.754,0.352
1,6,ks,180000,585081,7.207,0.453
1,6,ks,190000,585081,7.637,0.43
1,6,ks,200000,585081,8.058,0.421
1,6,ks,210000,585081,8.454,0.395
1,6,ks,220000,585081,8.904,0.45
1,6,ks,230000,585081,9.309,0.404
1,6,ks,240000,585081,9.656,0.347
1,6,ks,250000,585081,10.007,0.35
1,6,ks,260000,585081,10.392,0.384
1,6,ks,270000,585081,10.782,0.39
1,6,ks,280000,585081,11.185,0.402
1,6,ks,290000,585081,11.542,0.357
1,6,ks,300000,585081,11.951,0.408
1,6,ks,310000,585081,12.316,0.365
1,6,ks,320000,585081,12.704,0.387
1,6,ks,330000,585081,13.093,0.389
1,6,ks,340000,585081,13.573,0.479
1,6,ks,350000,585081,13.923,0.35
1,6,ks,360000,585081,14.37,0.446
1,6,ks,370000,585081,14.777,0.406
1,6,ks,380000,585081,15.125,0.348
1,6,ks,390000,585081,15.526,0.4
1,6,ks,400000,585081,15.948,0.422
1,6,ks,410000,585081,16.427,0.478
1,6,ks,420000,585081,16.779,0.352
1,6,ks,430000,585081,17.179,0.4
1,6,ks,440000,585081,17.623,0.443
1,6,ks,450000,585081,18.116,0.493
1,6,ks,460000,585081,18.592,0.476
1,6,ks,470000,585081,19.05,0.457
1,6,ks,480000,585081,19.59,0.54
1,6,ks,490000,585081,19.986,0.395
1,6,ks,500000,585081,20.514,0.527
1,6,ks,510000,585081,21.056,0.541
1,6,ks,520000,585081,21.57,0.514
1,6,ks,530000,585081,21.979,0.408
1,6,ks,540000,585081,22.475,0.496
1,6,ks,550000,585081,22.984,0.509
1,6,ks,560000,585081,23.406,0.421
1,6,ks,570000,585081,23.873,0.467
1,6,ks,580000,585081,24.297,0.423
2,6,ks,10000,585081,0.595,0.595
2,6,ks,20000,585081,1.224,0.628
2,6,ks,30000,585081,1.619,0.395
2,6,ks,40000,585081,2.075,0.455
2,6,ks,50000,585081,2.51,0.435
2,6,ks,60000,585081,2.852,0.341
2,6,ks,70000,585081,3.291,0.439
2,6,ks,80000,585081,3.695,0.403
2,6,ks,90000,585081,4.109,0.414
2,6,ks,100000,585081,4.461,0.352
2,6,ks,110000,585081,4.869,0.407
2,6,ks,120000,585081,5.468,0.598
2,6,ks,130000,585081,5.835,0.367
2,6,ks,140000,585081,6.303,0.467
2,6,ks,150000,585081,6.738,0.435
2,6,ks,160000,585081,7.14,0.401
2,6,ks,170000,585081,7.494,0.354
2,6,ks,180000,585081,7.89,0.396
2,6,ks,190000,585081,8.242,0.352
2,6,ks,200000,585081,8.591,0.349
2,6,ks,210000,585081,8.976,0.384
2,6,ks,220000,585081,9.358,0.382
2,6,ks,230000,585081,9.776,0.417
2,6,ks,240000,585081,10.132,0.355
2,6,ks,250000,585081,10.522,0.39
2,6,ks,260000,585081,10.935,0.412
2,6,ks,270000,585081,11.293,0.358
2,6,ks,280000,585081,11.684,0.391
2,6,ks,290000,585081,12.056,0.371
2,6,ks,300000,585081,12.482,0.425
2,6,ks,310000,585081,12.894,0.412
2,6,ks,320000,585081,13.4,0.505
2,6,ks,330000,585081,13.827,0.427
2,6,ks,340000,585081,14.181,0.353
2,6,ks,350000,585081,14.623,0.442
2,6,ks,360000,585081,15.066,0.443
2,6,ks,370000,585081,15.458,0.391
2,6,ks,380000,585081,15.807,0.349
2,6,ks,390000,585081,16.177,0.369
2,6,ks,400000,585081,16.575,0.397
2,6,ks,410000,585081,16.928,0.353
2,6,ks,420000,585081,17.376,0.447
2,6,ks,430000,585081,17.8,0.424
2,6,ks,440000,585081,18.174,0.373
2,6,ks,450000,585081,18.518,0.344
2,6,ks,460000,585081,18.936,0.417
2,6,ks,470000,585081,19.331,0.395
2,6,ks,480000,585081,19.685,0.353
2,6,ks,490000,585081,20.083,0.398
2,6,ks,500000,585081,20.501,0.417
2,6,ks,510000,585081,20.902,0.401
2,6,ks,520000,585081,21.285,0.382
2,6,ks,530000,585081,21.699,0.414
2,6,ks,540000,585081,22.152,0.452
2,6,ks,550000,585081,22.611,0.459
2,6,ks,560000,585081,22.978,0.366
2,6,ks,570000,585081,23.47,0.492
2,6,ks,580000,585081,23.996,0.525
3,6,ks,10000,585081,0.525,0.525
3,6,ks,20000,585081,0.877,0.351
3,6,ks,30000,585081,1.217,0.339
3,6,ks,40000,585081,1.652,0.435
3,6,ks,50000,585081,2.104,0.451
3,6,ks,60000,585081,2.483,0.378
3,6,ks,70000,585081,2.927,0.444
3,6,ks,80000,585081,3.385,0.458
3,6,ks,90000,585081,3.737,0.352
3,6,ks,100000,585081,4.167,0.43
3,6,ks,110000,585081,4.643,0.475
3,6,ks,120000,585081,5.057,0.413
3,6,ks,130000,585081,5.413,0.355
3,6,ks,140000,585081,5.793,0.38
3,6,ks,150000,585081,6.253,0.459
3,6,ks,160000,585081,6.602,0.349
3,6,ks,170000,585081,7.085,0.482
3,6,ks,180000,585081,7.542,0.456
3,6,ks,190000,585081,8.052,0.509
3,6,ks,200000,585081,8.399,0.347
3,6,ks,210000,585081,8.816,0.416
3,6,ks,220000,585081,9.247,0.43
3,6,ks,230000,585081,9.613,0.365
3,6,ks,240000,585081,10.081,0.468
3,6,ks,250000,585081,10.549,0.467
3,6,ks,260000,585081,11.01,0.461
3,6,ks,270000,585081,11.386,0.375
3,6,ks,280000,585081,11.853,0.467
3,6,ks,290000,585081,12.257,0.404
3,6,ks,300000,585081,12.611,0.353
3,6,ks,310000,585081,13.038,0.427
3,6,ks,320000,585081,13.448,0.409
3,6,ks,330000,585081,13.874,0.426
3,6,ks,340000,585081,14.277,0.403
3,6,ks,350000,585081,14.761,0.483
3,6,ks,360000,585081,15.148,0.386
3,6,ks,370000,585081,15.499,0.351
3,6,ks,380000,585081,15.928,0.429
3,6,ks,390000,585081,16.302,0.373
3,6,ks,400000,585081,16.708,0.406
3,6,ks,410000,585081,17.062,0.354
3,6,ks,420000,585081,17.437,0.374
3,6,ks,430000,585081,17.817,0.379
3,6,ks,440000,585081,18.162,0.344
3,6,ks,450000,585081,18.598,0.435
3,6,ks,460000,585081,19.106,0.508
3,6,ks,470000,585081,19.61,0.504
3,6,ks,480000,585081,20.01,0.399
3,6,ks,490000,585081,20.366,0.356
3,6,ks,500000,585081,20.775,0.408
3,6,ks,510000,585081,21.167,0.392
3,6,ks,520000,585081,21.547,0.379
3,6,ks,530000,585081,21.922,0.375
3,6,ks,540000,585081,22.405,0.482
3,6,ks,550000,585081,22.754,0.348
3,6,ks,560000,585081,23.185,0.431
3,6,ks,570000,585081,23.62,0.434
3,6,ks,580000,585081,24.106,0.486
4,6,ks,10000,585081,0.466,0.466
4,6,ks,20000,585081,0.819,0.353
4,6,ks,30000,585081,1.398,0.578
4,6,ks,40000,585081,1.746,0.347
4,6,ks,50000,585081,2.102,0.356
4,6,ks,60000,585081,2.513,0.41
4,6,ks,70000,585081,2.994,0.481
4,6,ks,80000,585081,3.38,0.385
4,6,ks,90000,585081,3.731,0.351
4,6,ks,100000,585081,4.185,0.454
4,6,ks,110000,585081,4.639,0.453
4,6,ks,120000,585081,5.016,0.377
4,6,ks,130000,585081,5.543,0.526
4,6,ks,140000,585081,6.015,0.472
4,6,ks,150000,585081,6.485,0.47
4,6,ks,160000,585081,6.888,0.403
4,6,ks,170000,585081,7.311,0.422
4,6,ks,180000,585081,7.785,0.474
4,6,ks,190000,585081,8.247,0.461
4,6,ks,200000,585081,8.704,0.456
4,6,ks,210000,585081,9.217,0.513
4,6,ks,220000,585081,9.651,0.433
4,6,ks,230000,585081,10.056,0.405
4,6,ks,240000,585081,10.515,0.459
4,6,ks,250000,585081,10.944,0.429
4,6,ks,260000,585081,11.349,0.404
4,6,ks,270000,585081,11.781,0.432
4,6,ks,280000,585081,12.238,0.457
4,6,ks,290000,585081,12.686,0.447
4,6,ks,300000,585081,13.091,0.405
4,6,ks,310000,585081,13.511,0.419
4,6,ks,320000,585081,13.957,0.445
4,6,ks,330000,585081,14.356,0.399
4,6,ks,340000,585081,14.742,0.385
4,6,ks,350000,585081,15.103,0.36
4,6,ks,360000,585081,15.485,0.381
4,6,ks,370000,585081,15.838,0.353
4,6,ks,380000,585081,16.213,0.375
4,6,ks,390000,585081,16.605,0.391
4,6,ks,400000,585081,16.985,0.379
4,6,ks,410000,585081,17.336,0.351
4,6,ks,420000,585081,17.71,0.373
4,6,ks,430000,585081,18.123,0.412
4,6,ks,440000,585081,18.469,0.346
4,6,ks,450000,585081,18.867,0.397
4,6,ks,460000,585081,19.291,0.424
4,6,ks,470000,585081,19.639,0.347
4,6,ks,480000,585081,20.013,0.374
4,6,ks,490000,585081,20.392,0.378
4,6,ks,500000,585081,20.815,0.423
4,6,ks,510000,585081,21.179,0.363
4,6,ks,520000,585081,21.611,0.432
4,6,ks,530000,585081,21.986,0.374
4,6,ks,540000,585081,22.337,0.35
4,6,ks,550000,585081,22.714,0.377
4,6,ks,560000,585081,23.06,0.345
4,6,ks,570000,585081,23.506,0.445
4,6,ks,580000,585081,23.905,0.399
5,6,ks,10000,585081,0.422,0.422
5,6,ks,20000,585081,0.852,0.43
5,6,ks,30000,585081,1.283,0.43
5,6,ks,40000,585081,1.702,0.419
5,6,ks,50000,585081,2.06,0.357
5,6,ks,60000,585081,2.471,0.411
5,6,ks,70000,585081,2.985,0.513
5,6,ks,80000,585081,3.358,0.372
5,6,ks,90000,585081,3.794,0.436
5,6,ks,100000,585081,4.203,0.408
5,6,ks,110000,585081,4.596,0.393
5,6,ks,120000,585081,4.946,0.349
5,6,ks,130000,585081,5.341,0.395
5,6,ks,140000,585081,5.76,0.418
5,6,ks,150000,585081,6.118,0.357
5,6,ks,160000,585081,6.55,0.431
5,6,ks,170000,585081,6.943,0.393
5,6,ks,180000,585081,7.361,0.417
5,6,ks,190000,585081,7.718,0.356
5,6,ks,200000,585081,8.123,0.405
5,6,ks,210000,585081,8.577,0.454
5,6,ks,220000,585081,8.923,0.346
5,6,ks,230000,585081,9.369,0.445
5,6,ks,240000,585081,9.841,0.472
5,6,ks,250000,585081,10.296,0.454
5,6,ks,260000,585081,10.674,0.377
5,6,ks,270000,585081,11.125,0.45
5,6,ks,280000,585081,11.529,0.404
5,6,ks,290000,585081,11.875,0.346
5,6,ks,300000,585081,12.314,0.439
5,6,ks,310000,585081,12.664,0.35
5,6,ks,320000,585081,13.07,0.405
5,6,ks,330000,585081,13.42,0.35
5,6,ks,340000,585081,13.808,0.388
5,6,ks,350000,585081,14.248,0.439
5,6,ks,360000,585081,14.605,0.357
5,6,ks,370000,585081,15.059,0.454
5,6,ks,380000,585081,15.453,0.394
5,6,ks,390000,585081,15.879,0.425
5,6,ks,400000,585081,16.233,0.353
5,6,ks,410000,585081,16.69,0.457
5,6,ks,420000,585081,17.135,0.445
5,6,ks,430000,585081,17.528,0.393
5,6,ks,440000,585081,17.906,0.377
5,6,ks,450000,585081,18.353,0.447
5,6,ks,460000,585081,18.747,0.394
5,6,ks,470000,585081,19.11,0.363
5,6,ks,480000,585081,19.526,0.415
5,6,ks,490000,585081,19.947,0.421
5,6,ks,500000,585081,20.32,0.373
5,6,ks,510000,585081,20.811,0.49
5,6,ks,520000,585081,21.256,0.445
5,6,ks,530000,585081,21.7,0.443
5,6,ks,540000,585081,22.051,0.351
5,6,ks,550000,585081,22.49,0.439
5,6,ks,560000,585081,22.953,0.462
5,6,ks,570000,585081,23.304,0.35
5,6,ks,580000,585081,23.711,0.407
6,6,ks,10000,585081,0.349,0.349
6,6,ks,20000,585081,0.789,0.44
6,6,ks,30000,585081,1.227,0.437
6,6,ks,40000,585081,1.59,0.363
6,6,ks,50000,585081,2.0,0.409
6,6,ks,60000,585081,2.392,0.392
6,6,ks,70000,585081,2.834,0.442
6,6,ks,80000,585081,3.202,0.367
6,6,ks,90000,585081,3.67,0.468
6,6,ks,100000,585081,4.083,0.413
6,6,ks,110000,585081,4.445,0.362
6,6,ks,120000,585081,4.824,0.379
6,6,ks,130000,585081,5.276,0.451
6,6,ks,140000,585081,5.701,0.424
6,6,ks,150000,585081,6.081,0.38
6,6,ks,160000,585081,6.568,0.486
6,6,ks,170000,585081,7.096,0.528
6,6,ks,180000,585081,7.452,0.356
6,6,ks,190000,585081,7.879,0.426
6,6,ks,200000,585081,8.285,0.405
6,6,ks,210000,585081,8.71,0.425
6,6,ks,220000,585081,9.056,0.345
6,6,ks,230000,585081,9.429,0.373
6,6,ks,240000,585081,9.858,0.429
6,6,ks,250000,585081,10.208,0.349
6,6,ks,260000,585081,10.7,0.492
6,6,ks,270000,585081,11.127,0.426
6,6,ks,280000,585081,11.533,0.406
6,6,ks,290000,585081,11.88,0.346
6,6,ks,300000,585081,12.294,0.414
6,6,ks,310000,585081,12.719,0.424
6,6,ks,320000,585081,13.072,0.352
6,6,ks,330000,585081,13.475,0.403
6,6,ks,340000,585081,13.898,0.422
6,6,ks,350000,585081,14.318,0.42
6,6,ks,360000,585081,14.675,0.357
6,6,ks,370000,585081,15.058,0.382
6,6,ks,380000,585081,15.448,0.39
6,6,ks,390000,585081,15.809,0.36
6,6,ks,400000,585081,16.194,0.384
6,6,ks,410000,585081,16.617,0.423
6,6,ks,420000,585081,17.103,0.486
6,6,ks,430000,585081,17.507,0.403
6,6,ks,440000,585081,18.015,0.507
6,6,ks,450000,585081,18.409,0.394
6,6,ks,460000,585081,18.817,0.407
6,6,ks,470000,585081,19.321,0.504
6,6,ks,480000,585081,19.768,0.447
6,6,ks,490000,585081,20.197,0.429
6,6,ks,500000,585081,20.604,0.407
6,6,ks,510000,585081,21.044,0.439
6,6,ks,520000,585081,21.522,0.477
6,6,ks,530000,585081,21.921,0.398
6,6,ks,540000,585081,22.347,0.425
6,6,ks,550000,585081,22.768,0.421
6,6,ks,560000,585081,23.218,0.449
6,6,ks,570000,585081,23.618,0.4
6,6,ks,580000,585081,24.208,0.589
7,6,ks,10000,585081,0.472,0.472
7,6,ks,20000,585081,0.92,0.448
7,6,ks,30000,585081,1.353,0.432
7,6,ks,40000,585081,1.715,0.362
7,6,ks,50000,585081,2.16,0.444
7,6,ks,60000,585081,2.556,0.395
7,6,ks,70000,585081,2.952,0.395
7,6,ks,80000,585081,3.36,0.408
7,6,ks,90000,585081,3.73,0.369
7,6,ks,100000,585081,4.156,0.425
7,6,ks,110000,585081,4.522,0.365
7,6,ks,120000,585081,4.907,0.385
7,6,ks,130000,585081,5.263,0.355
7,6,ks,140000,585081,5.621,0.358
7,6,ks,150000,585081,6.085,0.463
7,6,ks,160000,585081,6.548,0.463
7,6,ks,170000,585081,7.022,0.473
7,6,ks,180000,585081,7.403,0.381
7,6,ks,190000,585081,7.813,0.409
7,6,ks,200000,585081,8.226,0.413
7,6,ks,210000,585081,8.581,0.355
7,6,ks,220000,585081,9.014,0.432
7,6,ks,230000,585081,9.555,0.541
7,6,ks,240000,585081,9.91,0.354
7,6,ks,250000,585081,10.258,0.348
7,6,ks,260000,585081,10.717,0.458
7,6,ks,270000,585081,11.153,0.436
7,6,ks,280000,585081,11.505,0.352
7,6,ks,290000,585081,12.008,0.502
7,6,ks,300000,585081,12.394,0.386
7,6,ks,310000,585081,12.805,0.41
7,6,ks,320000,585081,13.158,0.353
7,6,ks,330000,585081,13.543,0.384
7,6,ks,340000,585081,13.959,0.416
7,6,ks,350000,585081,14.352,0.392
7,6,ks,360000,585081,14.844,0.491
7,6,ks,370000,585081,15.252,0.408
7,6,ks,380000,585081,15.673,0.42
7,6,ks,390000,585081,16.017,0.344
7,6,ks,400000,585081,16.501,0.483
7,6,ks,410000,585081,16.911,0.41
7,6,ks,420000,585081,17.262,0.35
7,6,ks,430000,585081,17.676,0.414
7,6,ks,440000,585081,18.122,0.445
7,6,ks,450000,585081,18.518,0.396
7,6,ks,460000,585081,18.882,0.363
7,6,ks,470000,585081,19.294,0.412
7,6,ks,480000,585081,19.733,0.439
7,6,ks,490000,585081,20.11,0.376
7,6,ks,500000,585081,20.494,0.384
7,6,ks,510000,585081,20.849,0.354
7,6,ks,520000,585081,21.236,0.387
7,6,ks,530000,585081,21.635,0.398
7,6,ks,540000,585081,22.174,0.538
7,6,ks,550000,585081,22.608,0.433
7,6,ks,560000,585081,22.958,0.349
7,6,ks,570000,585081,23.357,0.398
7,6,ks,580000,585081,23.799,0.442
8,6,ks,10000,585081,0.363,0.363
8,6,ks,20000,585081,0.753,0.389
8,6,ks,30000,585081,1.097,0.343
8,6,ks,40000,585081,1.57,0.473
8,6,ks,50000,585081,1.986,0.415
8,6,ks,60000,585081,2.485,0.499
8,6,ks,70000,585081,2.88,0.394
8,6,ks,80000,585081,3.266,0.385
8,6,ks,90000,585081,3.65,0.384
8,6,ks,100000,585081,3.999,0.349
8,6,ks,110000,585081,4.441,0.441
8,6,ks,120000,585081,4.83,0.389
8,6,ks,130000,585081,5.303,0.472
8,6,ks,140000,585081,5.65,0.347
8,6,ks,150000,585081,6.137,0.486
8,6,ks,160000,585081,6.584,0.447
8,6,ks,170000,585081,6.935,0.351
8,6,ks,180000,585081,7.392,0.456
8,6,ks,190000,585081,7.902,0.51
8,6,ks,200000,585081,8.339,0.436
8,6,ks,210000,585081,8.694,0.355
8,6,ks,220000,585081,9.099,0.404
8,6,ks,230000,585081,9.535,0.435
8,6,ks,240000,585081,9.876,0.34
8,6,ks,250000,585081,10.334,0.458
8,6,ks,260000,585081,10.796,0.462
8,6,ks,270000,585081,11.281,0.485
8,6,ks,280000,585081,11.631,0.349
8,6,ks,290000,585081,12.126,0.495
8,6,ks,300000,585081,12.588,0.462
8,6,ks,310000,585081,12.935,0.347
8,6,ks,320000,585081,13.352,0.416
8,6,ks,330000,585081,13.74,0.387
8,6,ks,340000,585081,14.178,0.438
8,6,ks,350000,585081,14.524,0.346
8,6,ks,360000,585081,14.955,0.43
8,6,ks,370000,585081,15.344,0.389
8,6,ks,380000,585081,15.694,0.349
8,6,ks,390000,585081,16.092,0.398
8,6,ks,400000,585081,16.532,0.44
8,6,ks,410000,585081,16.965,0.432
8,6,ks,420000,585081,17.317,0.352
8,6,ks,430000,585081,17.697,0.38
8,6,ks,440000,585081,18.075,0.377
8,6,ks,450000,585081,18.422,0.347
8,6,ks,460000,585081,18.813,0.39
8,6,ks,470000,585081,19.193,0.38
8,6,ks,480000,585081,19.699,0.505
8,6,ks,490000,585081,20.057,0.358
8,6,ks,500000,585081,20.504,0.447
8,6,ks,510000,585081,20.94,0.436
8,6,ks,520000,585081,21.294,0.353
8,6,ks,530000,585081,21.727,0.433
8,6,ks,540000,585081,22.125,0.398
8,6,ks,550000,585081,22.541,0.415
8,6,ks,560000,585081,22.887,0.345
8,6,ks,570000,585081,23.26,0.372
8,6,ks,580000,585081,23.68,0.42
9,6,ks,10000,585081,0.402,0.402
9,6,ks,20000,585081,0.795,0.393
9,6,ks,30000,585081,1.151,0.356
9,6,ks,40000,585081,1.602,0.451
9,6,ks,50000,585081,1.979,0.376
9,6,ks,60000,585081,2.354,0.374
9,6,ks,70000,585081,2.805,0.451
9,6,ks,80000,585081,3.233,0.427
9,6,ks,90000,585081,3.647,0.413
9,6,ks,100000,585081,4.013,0.365
9,6,ks,110000,585081,4.516,0.502
9,6,ks,120000,585081,5.002,0.485
9,6,ks,130000,585081,5.407,0.405
9,6,ks,140000,585081,5.967,0.559
9,6,ks,150000,585081,6.377,0.41
9,6,ks,160000,585081,6.82,0.443
9,6,ks,170000,585081,7.222,0.401
9,6,ks,180000,585081,7.752,0.53
9,6,ks,190000,585081,8.264,0.512
9,6,ks,200000,585081,8.666,0.401
9,6,ks,210000,585081,9.143,0.476
9,6,ks,220000,585081,9.651,0.508
9,6,ks,230000,585081,10.127,0.475
9,6,ks,240000,585081,10.487,0.36
9,6,ks,250000,585081,10.896,0.408
9,6,ks,260000,585081,11.295,0.399
9,6,ks,270000,585081,11.781,0.486
9,6,ks,280000,585081,12.169,0.387
9,6,ks,290000,585081,12.605,0.436
9,6,ks,300000,585081,13.098,0.492
9,6,ks,310000,585081,13.447,0.348
9,6,ks,320000,585081,13.869,0.421
9,6,ks,330000,585081,14.315,0.446
9,6,ks,340000,585081,14.671,0.355
9,6,ks,350000,585081,15.225,0.554
9,6,ks,360000,585081,15.673,0.447
9,6,ks,370000,585081,16.135,0.461
9,6,ks,380000,585081,16.49,0.355
9,6,ks,390000,585081,17.002,0.511
9,6,ks,400000,585081,17.403,0.401
9,6,ks,410000,585081,17.761,0.358
9,6,ks,420000,585081,18.172,0.411
9,6,ks,430000,585081,18.662,0.489
9,6,ks,440000,585081,19.104,0.441
9,6,ks,450000,585081,19.449,0.344
9,6,ks,460000,585081,19.833,0.384
9,6,ks,470000,585081,20.261,0.427
9,6,ks,480000,585081,20.619,0.357
9,6,ks,490000,585081,21.052,0.433
9,6,ks,500000,585081,21.54,0.488
9,6,ks,510000,585081,21.958,0.418
9,6,ks,520000,585081,22.312,0.354
9,6,ks,530000,585081,22.709,0.396
9,6,ks,540000,585081,23.102,0.392
9,6,ks,550000,585081,23.452,0.349
9,6,ks,560000,585081,23.823,0.371
9,6,ks,570000,585081,24.239,0.415
9,6,ks,580000,585081,24.694,0.455
